SAVING_PDF_FILE_CSV	ar	32	1405	2018-01-30	https://www.msgg.gov.mr/sites/default/files/2019-05/J.O.%201405A%20DU%2030.01.2018.pdf	data/ar/2018/JO_2018-01-30_1405.pdf
SAVING_PDF_FILE_CSV	fr	32	1405	2018-01-30	https://www.msgg.gov.mr/sites/default/files/2019-05/J.O.%201405A%20DU%2030.01.2018.pdf	data/fr/2018/JO_2018-01-30_1405.pdf
SAVING_PDF_FILE_CSV	ar	268	1379	2017-01-15	https://www.msgg.gov.mr/sites/default/files/2020-10/J.O.%201379A%20DU%2015.01.2017.pdf	data/ar/2017/JO_2017-01-15_1379.pdf
SAVING_PDF_FILE_CSV	fr	268	1379	2017-01-15	https://www.msgg.gov.mr/sites/default/files/2020-10/J.O.%201379F%20DU%2015.01.2017.pdf	data/fr/2017/JO_2017-01-15_1379.pdf
SAVING_PDF_FILE_CSV	ar	269	1380	2017-01-30	https://www.msgg.gov.mr/sites/default/files/2020-10/J.O.%201380A%20DU%2030.01.2017.pdf	data/ar/2017/JO_2017-01-30_1380.pdf
SAVING_PDF_FILE_CSV	fr	269	1380	2017-01-30	https://www.msgg.gov.mr/sites/default/files/2020-10/J.O.%201380F%20DU%2030.01.2017%20VF.pdf	data/fr/2017/JO_2017-01-30_1380.pdf
SAVING_PDF_FILE_CSV	ar	271	1380	2017-01-30	https://www.msgg.gov.mr/sites/default/files/2020-10/EDITION%20SPECIALE%20A_0.pdf	data/ar/2017/JO_2017-01-30_1380.pdf
SAVING_PDF_FILE_CSV	fr	271	1380	2017-01-30	https://www.msgg.gov.mr/sites/default/files/2020-10/EDITION%20SPECIALE%20F.pdf	data/fr/2017/JO_2017-01-30_1380.pdf
SAVING_PDF_FILE_CSV	ar	273	1381	2017-02-15	https://www.msgg.gov.mr/sites/default/files/2020-10/Budget%202017%20A.pdf	data/ar/2017/JO_2017-02-15_1381.pdf
SAVING_PDF_FILE_CSV	fr	273	1381	2017-02-15	https://www.msgg.gov.mr/sites/default/files/2020-10/Budget%202017%20F.pdf	data/fr/2017/JO_2017-02-15_1381.pdf
SAVING_PDF_FILE_CSV	ar	274	1382	2017-02-28	https://www.msgg.gov.mr/sites/default/files/2020-10/J.O.%201382A%20DU%2028.02.2017.pdf	data/ar/2017/JO_2017-02-28_1382.pdf
SAVING_PDF_FILE_CSV	fr	274	1382	2017-02-28	https://www.msgg.gov.mr/sites/default/files/2020-10/J.O.%201382F%20DU28.02.2017.pdf	data/fr/2017/JO_2017-02-28_1382.pdf
SAVING_PDF_FILE_CSV	ar	275	1383	2017-03-15	https://www.msgg.gov.mr/sites/default/files/2020-10/J.O.%201383A%20DU%2015.03.2017.pdf	data/ar/2017/JO_2017-03-15_1383.pdf
SAVING_PDF_FILE_CSV	fr	275	1383	2017-03-15	https://www.msgg.gov.mr/sites/default/files/2020-10/J.O.%201383F%20DU%2015.03.2017.pdf	data/fr/2017/JO_2017-03-15_1383.pdf
SAVING_PDF_FILE_CSV	ar	276	1384	2017-03-30	https://www.msgg.gov.mr/sites/default/files/2020-10/J.O.%201384A%20DU%2030.3.2017.pdf	data/ar/2017/JO_2017-03-30_1384.pdf
SAVING_PDF_FILE_CSV	fr	276	1384	2017-03-30	https://www.msgg.gov.mr/sites/default/files/2020-10/J.O.%201384F%20DU%2030.03.2017.pdf	data/fr/2017/JO_2017-03-30_1384.pdf
SAVING_PDF_FILE_CSV	ar	277	1385	2017-04-15	https://www.msgg.gov.mr/sites/default/files/2020-10/J.O.%201385A%20DU%2015.04.2017.pdf	data/ar/2017/JO_2017-04-15_1385.pdf
SAVING_PDF_FILE_CSV	fr	277	1385	2017-04-15	https://www.msgg.gov.mr/sites/default/files/2020-10/J.O.1385F%20DU%2015.04.2017.pdf	data/fr/2017/JO_2017-04-15_1385.pdf
SAVING_PDF_FILE_CSV	ar	278	1386	2017-04-30	https://www.msgg.gov.mr/sites/default/files/2020-10/J.O.%201386A%20DU%2030.04.2017.pdf	data/ar/2017/JO_2017-04-30_1386.pdf
SAVING_PDF_FILE_CSV	fr	278	1386	2017-04-30	https://www.msgg.gov.mr/sites/default/files/2020-10/J.O.%201386F%20DU%2030.04.2017.pdf	data/fr/2017/JO_2017-04-30_1386.pdf
SAVING_PDF_FILE_CSV	ar	279	1387	2017-05-15	https://www.msgg.gov.mr/sites/default/files/2020-10/J.O.%201387A%20DU%2015.05.2017.pdf	data/ar/2017/JO_2017-05-15_1387.pdf
SAVING_PDF_FILE_CSV	fr	279	1387	2017-05-15	https://www.msgg.gov.mr/sites/default/files/2020-10/J.O.%201387F%20DU%2015.05.2017.pdf	data/fr/2017/JO_2017-05-15_1387.pdf
SAVING_PDF_FILE_CSV	ar	280	1388	2017-05-30	https://www.msgg.gov.mr/sites/default/files/2020-10/J.O.%201388A%20DU%2030.05.2017.pdf	data/ar/2017/JO_2017-05-30_1388.pdf
SAVING_PDF_FILE_CSV	fr	280	1388	2017-05-30	https://www.msgg.gov.mr/sites/default/files/2020-10/J.O.%201388F%20DU%2030.05.2017_0.pdf	data/fr/2017/JO_2017-05-30_1388.pdf
SAVING_PDF_FILE_CSV	ar	282	1389	2017-06-15	https://www.msgg.gov.mr/sites/default/files/2020-10/J.O%201389A%20du%2015.06.2017.pdf	data/ar/2017/JO_2017-06-15_1389.pdf
SAVING_PDF_FILE_CSV	fr	282	1389	2017-06-15	https://www.msgg.gov.mr/sites/default/files/2020-10/J.O%201389A%20du%2015.06.2017.pdf	data/fr/2017/JO_2017-06-15_1389.pdf
SAVING_PDF_FILE_CSV	ar	302	1389	2017-06-15	https://www.msgg.gov.mr/sites/default/files/2020-11/1389bis.pdf	data/ar/2017/JO_2017-06-15_1389.pdf
SAVING_PDF_FILE_CSV	fr	302	1389	2017-06-15	https://www.msgg.gov.mr/sites/default/files/2020-11/1389bis.pdf	data/fr/2017/JO_2017-06-15_1389.pdf
SAVING_PDF_FILE_CSV	ar	303	1389	2017-06-15	https://www.msgg.gov.mr/sites/default/files/2020-11/J.O%201389F%20du%2015.06.2017.pdf	data/ar/2017/JO_2017-06-15_1389.pdf
SAVING_PDF_FILE_CSV	fr	303	1389	2017-06-15	https://www.msgg.gov.mr/sites/default/files/2020-11/J.O%201389F%20du%2015.06.2017.pdf	data/fr/2017/JO_2017-06-15_1389.pdf
SAVING_PDF_FILE_CSV	ar	304	1389	2017-06-15	https://www.msgg.gov.mr/sites/default/files/2020-11/1389%20bis%20FR.pdf	data/ar/2017/JO_2017-06-15_1389.pdf
SAVING_PDF_FILE_CSV	fr	304	1389	2017-06-15	https://www.msgg.gov.mr/sites/default/files/2020-11/1389%20bis%20FR.pdf	data/fr/2017/JO_2017-06-15_1389.pdf
SAVING_PDF_FILE_CSV	ar	305	1390	2017-06-30	https://www.msgg.gov.mr/sites/default/files/2020-11/J.O%201390%20A%20du%2030.06.2017.pdf	data/ar/2017/JO_2017-06-30_1390.pdf
SAVING_PDF_FILE_CSV	fr	305	1390	2017-06-30	https://www.msgg.gov.mr/sites/default/files/2020-11/J.O%201390%20F%20du%2030.06.2017.pdf	data/fr/2017/JO_2017-06-30_1390.pdf
SAVING_PDF_FILE_CSV	ar	306	1391	2017-07-15	https://www.msgg.gov.mr/sites/default/files/2020-11/J.O.%201391A%20DU%2015.07.2017.pdf	data/ar/2017/JO_2017-07-15_1391.pdf
SAVING_PDF_FILE_CSV	fr	306	1391	2017-07-15	https://www.msgg.gov.mr/sites/default/files/2020-11/J.O.%201391F%20DU%2015.07.2017.pdf	data/fr/2017/JO_2017-07-15_1391.pdf
SAVING_PDF_FILE_CSV	ar	307	1391	2017-07-15	https://www.msgg.gov.mr/sites/default/files/2020-11/J.O.%201391A%20BIS%20DU%2015.07.2017.pdf	data/ar/2017/JO_2017-07-15_1391.pdf
SAVING_PDF_FILE_CSV	fr	307	1391	2017-07-15	https://www.msgg.gov.mr/sites/default/files/2020-11/J.O.%201391F%20BIS%20DU%2015.07.2017.pdf	data/fr/2017/JO_2017-07-15_1391.pdf
SAVING_PDF_FILE_CSV	ar	308	1392	2017-07-30	https://www.msgg.gov.mr/sites/default/files/2020-11/J.O.%201392A%20DU%2030.07.2017.pdf	data/ar/2017/JO_2017-07-30_1392.pdf
SAVING_PDF_FILE_CSV	fr	308	1392	2017-07-30	https://www.msgg.gov.mr/sites/default/files/2020-11/J.O.%201392F%20DU%2030.07.2017.pdf	data/fr/2017/JO_2017-07-30_1392.pdf
SAVING_PDF_FILE_CSV	ar	309	1393	2017-08-15	https://www.msgg.gov.mr/sites/default/files/2020-11/J.O.%201393A%20DU%2015.08.2017.pdf	data/ar/2017/JO_2017-08-15_1393.pdf
SAVING_PDF_FILE_CSV	fr	309	1393	2017-08-15	https://www.msgg.gov.mr/sites/default/files/2020-11/J.O.%201393F%20DU%2015.08.2017.pdf	data/fr/2017/JO_2017-08-15_1393.pdf
SAVING_PDF_FILE_CSV	ar	310	1393	2017-08-15	https://www.msgg.gov.mr/sites/default/files/2020-11/JO%201393%20A%20BIS%20DU%2015.08.2017.pdf	data/ar/2017/JO_2017-08-15_1393.pdf
SAVING_PDF_FILE_CSV	fr	310	1393	2017-08-15	https://www.msgg.gov.mr/sites/default/files/2020-11/JO%201393%20F%20BIS%20DU%2015.08.2017.pdf	data/fr/2017/JO_2017-08-15_1393.pdf
SAVING_PDF_FILE_CSV	ar	311	1394	2017-08-30	https://www.msgg.gov.mr/sites/default/files/2020-11/J.O.%201394A%20DU%2030.08.2017.pdf	data/ar/2017/JO_2017-08-30_1394.pdf
SAVING_PDF_FILE_CSV	fr	311	1394	2017-08-30	https://www.msgg.gov.mr/sites/default/files/2020-11/J.O.%201394F%20DU%2030.08.2017.pdf	data/fr/2017/JO_2017-08-30_1394.pdf
SAVING_PDF_FILE_CSV	ar	312	1395	2017-09-15	https://www.msgg.gov.mr/sites/default/files/2020-11/J.O.%201395A%20DU%2015.09.2017.pdf	data/ar/2017/JO_2017-09-15_1395.pdf
SAVING_PDF_FILE_CSV	fr	312	1395	2017-09-15	https://www.msgg.gov.mr/sites/default/files/2020-11/J.O.%201395F%20DU%2015.09.2017.pdf	data/fr/2017/JO_2017-09-15_1395.pdf
SAVING_PDF_FILE_CSV	ar	313	1396	2017-09-27	https://www.msgg.gov.mr/sites/default/files/2020-11/J.O.%201396A%20DU%2027.09.2017.pdf	data/ar/2017/JO_2017-09-27_1396.pdf
SAVING_PDF_FILE_CSV	fr	313	1396	2017-09-27	https://www.msgg.gov.mr/sites/default/files/2020-11/J.O.%201396%20F%20DU%2027.09.2017.pdf	data/fr/2017/JO_2017-09-27_1396.pdf
SAVING_PDF_FILE_CSV	ar	314	1397	2017-09-30	https://www.msgg.gov.mr/sites/default/files/2020-11/J.O.%201397%20A%20DU%2030.09.2017.pdf	data/ar/2017/JO_2017-09-30_1397.pdf
SAVING_PDF_FILE_CSV	fr	314	1397	2017-09-30	https://www.msgg.gov.mr/sites/default/files/2020-11/J.O.%201397%20F%20DU%2030.09.2017.pdf	data/fr/2017/JO_2017-09-30_1397.pdf
SAVING_PDF_FILE_CSV	ar	315	1398	2017-10-15	https://www.msgg.gov.mr/sites/default/files/2020-11/J.O.%201398A%20DU%2015.10.2017.pdf	data/ar/2017/JO_2017-10-15_1398.pdf
SAVING_PDF_FILE_CSV	fr	315	1398	2017-10-15	https://www.msgg.gov.mr/sites/default/files/2020-11/J.O.%201398F%20DU%2015.10.%202017.pdf	data/fr/2017/JO_2017-10-15_1398.pdf
SAVING_PDF_FILE_CSV	ar	316	1399	2017-10-30	https://www.msgg.gov.mr/sites/default/files/2020-11/J.O.%201399A%20DU%2030.10.2017.pdf	data/ar/2017/JO_2017-10-30_1399.pdf
SAVING_PDF_FILE_CSV	fr	316	1399	2017-10-30	https://www.msgg.gov.mr/sites/default/files/2020-11/J.O.%201399F%20DU%2030.10.2017.pdf	data/fr/2017/JO_2017-10-30_1399.pdf
SAVING_PDF_FILE_CSV	ar	317	1399	2017-11-07	https://www.msgg.gov.mr/sites/default/files/2020-11/J.O.%201399A%20BIS%20DU%2007.11.2017.pdf	data/ar/2017/JO_2017-11-07_1399.pdf
SAVING_PDF_FILE_CSV	fr	317	1399	2017-11-07	https://www.msgg.gov.mr/sites/default/files/2020-11/J.O.%201399F%20BIS%20DU%2007.11.2017.pdf	data/fr/2017/JO_2017-11-07_1399.pdf
SAVING_PDF_FILE_CSV	ar	318	1400	2017-11-15	https://www.msgg.gov.mr/sites/default/files/2020-11/J.O.%201400A%20DU%2015.11.2017.pdf	data/ar/2017/JO_2017-11-15_1400.pdf
SAVING_PDF_FILE_CSV	fr	318	1400	2017-11-15	https://www.msgg.gov.mr/sites/default/files/2020-11/J.O.%201400F%20DU%2015.11.207.pdf	data/fr/2017/JO_2017-11-15_1400.pdf
SAVING_PDF_FILE_CSV	ar	319	1400	2017-11-17	https://www.msgg.gov.mr/sites/default/files/2020-11/J.O.%201400%20BIS%20A%20DU%2017.1.2017.pdf	data/ar/2017/JO_2017-11-17_1400.pdf
SAVING_PDF_FILE_CSV	fr	319	1400	2017-11-17	https://www.msgg.gov.mr/sites/default/files/2020-11/J.O.%201400%20BIS%20F%20DU%2017.11.2017.pdf	data/fr/2017/JO_2017-11-17_1400.pdf
SAVING_PDF_FILE_CSV	ar	320	1401	2017-11-30	https://www.msgg.gov.mr/sites/default/files/2020-11/J.O.%201401A%20DU%2030.11.2017.pdf	data/ar/2017/JO_2017-11-30_1401.pdf
SAVING_PDF_FILE_CSV	fr	320	1401	2017-11-30	https://www.msgg.gov.mr/sites/default/files/2020-11/J.O.%201401F%20DU%2030.11.2017.pdf	data/fr/2017/JO_2017-11-30_1401.pdf
SAVING_PDF_FILE_CSV	ar	321	1402	2017-12-15	https://www.msgg.gov.mr/sites/default/files/2020-11/J.O.%201402A.pdf	data/ar/2017/JO_2017-12-15_1402.pdf
SAVING_PDF_FILE_CSV	fr	321	1402	2017-12-15	https://www.msgg.gov.mr/sites/default/files/2020-11/J.O.%201402F.pdf	data/fr/2017/JO_2017-12-15_1402.pdf
SAVING_PDF_FILE_CSV	ar	322	1402	2017-12-27	https://www.msgg.gov.mr/sites/default/files/2020-11/JO%201402%20bis%20AR%2027%2012%202017.pdf	data/ar/2017/JO_2017-12-27_1402.pdf
SAVING_PDF_FILE_CSV	fr	322	1402	2017-12-27	https://www.msgg.gov.mr/sites/default/files/2020-11/JO%201402%20BIS%20FR%2027%2012%202017.pdf	data/fr/2017/JO_2017-12-27_1402.pdf
SAVING_PDF_FILE_CSV	ar	323	1403	2017-12-30	https://www.msgg.gov.mr/sites/default/files/2020-11/J.O.%201403A%20DU%2030.12.2017.pdf	data/ar/2017/JO_2017-12-30_1403.pdf
SAVING_PDF_FILE_CSV	fr	323	1403	2017-12-30	https://www.msgg.gov.mr/sites/default/files/2020-11/J.O.%201403F%20DU%2030.12.2017.pdf	data/fr/2017/JO_2017-12-30_1403.pdf
SAVING_PDF_FILE_CSV	ar	324	1403	2017-12-28	https://www.msgg.gov.mr/sites/default/files/2020-11/Jo1403%20bis%20a.pdf	data/ar/2017/JO_2017-12-28_1403.pdf
SAVING_PDF_FILE_CSV	fr	324	1403	2017-12-28	https://www.msgg.gov.mr/sites/default/files/2020-11/Jo%201403%20bis%20f%20r.pdf	data/fr/2017/JO_2017-12-28_1403.pdf
SAVING_PDF_FILE_CSV	ar	325	1404	2018-01-15	https://www.msgg.gov.mr/sites/default/files/2020-11/J.O.%201404A%20DU%2015.01.2018.pdf	data/ar/2018/JO_2018-01-15_1404.pdf
SAVING_PDF_FILE_CSV	fr	325	1404	2018-01-15	https://www.msgg.gov.mr/sites/default/files/2020-11/J.O.%201404F%20DU%2015.01.2018.pdf	data/fr/2018/JO_2018-01-15_1404.pdf
SAVING_PDF_FILE_CSV	ar	333	1405	2018-01-30	https://www.msgg.gov.mr/sites/default/files/2020-11/J.O.%201405A%20DU%2030.01.2018.pdf	data/ar/2018/JO_2018-01-30_1405.pdf
SAVING_PDF_FILE_CSV	fr	333	1405	2018-01-30	https://www.msgg.gov.mr/sites/default/files/2020-11/J.O.%201405F%20DU%2030.01.2018%20ff.pdf	data/fr/2018/JO_2018-01-30_1405.pdf
SAVING_PDF_FILE_CSV	ar	334	1406	2018-02-15	https://www.msgg.gov.mr/sites/default/files/2020-11/JO%201406%20AR%20bis.pdf	data/ar/2018/JO_2018-02-15_1406.pdf
SAVING_PDF_FILE_CSV	fr	334	1406	2018-02-15	https://www.msgg.gov.mr/sites/default/files/2020-11/JO%201406%20FR%20bis.pdf	data/fr/2018/JO_2018-02-15_1406.pdf
SAVING_PDF_FILE_CSV	ar	335	1407	2018-02-28	https://www.msgg.gov.mr/sites/default/files/2020-11/J.O.%201407A%20DU%2028.02.2018.pdf	data/ar/2018/JO_2018-02-28_1407.pdf
SAVING_PDF_FILE_CSV	fr	335	1407	2018-02-28	https://www.msgg.gov.mr/sites/default/files/2020-11/J.O.%201407F%20DU%20285.02.2018.pdf	data/fr/2018/JO_2018-02-28_1407.pdf
SAVING_PDF_FILE_CSV	ar	336	1408	2018-03-15	https://www.msgg.gov.mr/sites/default/files/2020-11/J.O.%201408A%20DU%2015.03%202018.pdf	data/ar/2018/JO_2018-03-15_1408.pdf
SAVING_PDF_FILE_CSV	fr	336	1408	2018-03-15	https://www.msgg.gov.mr/sites/default/files/2020-11/J.O.%201408F%20DU%2015.03.2018.pdf	data/fr/2018/JO_2018-03-15_1408.pdf
SAVING_PDF_FILE_CSV	ar	337	1409	2018-03-30	https://www.msgg.gov.mr/sites/default/files/2020-11/J.O.%201409A%20DU%2030.03.2018.pdf	data/ar/2018/JO_2018-03-30_1409.pdf
SAVING_PDF_FILE_CSV	fr	337	1409	2018-03-30	https://www.msgg.gov.mr/sites/default/files/2020-11/J.O.%201409F%20DU%2030.03.2018.pdf	data/fr/2018/JO_2018-03-30_1409.pdf
SAVING_PDF_FILE_CSV	ar	338	1410	2018-04-15	https://www.msgg.gov.mr/sites/default/files/2020-11/J.O.%201410A%20DU%2015.04.2018.pdf	data/ar/2018/JO_2018-04-15_1410.pdf
SAVING_PDF_FILE_CSV	fr	338	1410	2018-04-15	https://www.msgg.gov.mr/sites/default/files/2020-11/J.O.%201410F%20DU%2015.04.2018.pdf	data/fr/2018/JO_2018-04-15_1410.pdf
SAVING_PDF_FILE_CSV	ar	339	1411	2018-04-30	https://www.msgg.gov.mr/sites/default/files/2020-11/J.O.%201411A%20DU%2030.04.2018%20%D8%A8%D9%87.pdf	data/ar/2018/JO_2018-04-30_1411.pdf
SAVING_PDF_FILE_CSV	fr	339	1411	2018-04-30	https://www.msgg.gov.mr/sites/default/files/2020-11/J.O.%201411F%20DU%2030.04.2018.pdf	data/fr/2018/JO_2018-04-30_1411.pdf
SAVING_PDF_FILE_CSV	ar	340	1412	2018-05-15	https://www.msgg.gov.mr/sites/default/files/2020-11/J.O%201412A%20DU%2015.05.2018.pdf	data/ar/2018/JO_2018-05-15_1412.pdf
SAVING_PDF_FILE_CSV	fr	340	1412	2018-05-15	https://www.msgg.gov.mr/sites/default/files/2020-11/J.O.%201412F%20DU%2015.05.2018.pdf	data/fr/2018/JO_2018-05-15_1412.pdf
SAVING_PDF_FILE_CSV	ar	341	1413	2018-05-30	https://www.msgg.gov.mr/sites/default/files/2020-11/J.O.%201413A%20DU%2030.05.2018%20version.pdf	data/ar/2018/JO_2018-05-30_1413.pdf
SAVING_PDF_FILE_CSV	fr	341	1413	2018-05-30	https://www.msgg.gov.mr/sites/default/files/2020-11/J.O.%201413F%20%20DU%2030.05.2018.pdf	data/fr/2018/JO_2018-05-30_1413.pdf
SAVING_PDF_FILE_CSV	ar	342	1414	2018-06-15	https://www.msgg.gov.mr/sites/default/files/2020-11/J.O%201414%20A%20du%2015.06.2018.pdf	data/ar/2018/JO_2018-06-15_1414.pdf
SAVING_PDF_FILE_CSV	fr	342	1414	2018-06-15	https://www.msgg.gov.mr/sites/default/files/2020-11/J.O%201414%20F%20du%2015.06.2018.pdf	data/fr/2018/JO_2018-06-15_1414.pdf
SAVING_PDF_FILE_CSV	ar	343	1415	2018-06-30	https://www.msgg.gov.mr/sites/default/files/2020-11/J.O.%201415A%20DU%2030.06.2018.pdf	data/ar/2018/JO_2018-06-30_1415.pdf
SAVING_PDF_FILE_CSV	fr	343	1415	2018-06-30	https://www.msgg.gov.mr/sites/default/files/2020-11/J.O.%201415F%20DU%2030.06.2018.pdf	data/fr/2018/JO_2018-06-30_1415.pdf
SAVING_PDF_FILE_CSV	ar	344	1416	2018-07-15	https://www.msgg.gov.mr/sites/default/files/2020-11/J.O.%201416A%20DU%2015.07.2018.pdf	data/ar/2018/JO_2018-07-15_1416.pdf
SAVING_PDF_FILE_CSV	fr	344	1416	2018-07-15	https://www.msgg.gov.mr/sites/default/files/2020-11/J.O.%201416F%20DU%2015.07.2018.pdf	data/fr/2018/JO_2018-07-15_1416.pdf
SAVING_PDF_FILE_CSV	ar	345	1417	2018-07-30	https://www.msgg.gov.mr/sites/default/files/2020-11/J.O.%201417A%20DU%2030.07.2018.pdf	data/ar/2018/JO_2018-07-30_1417.pdf
SAVING_PDF_FILE_CSV	fr	345	1417	2018-07-30	https://www.msgg.gov.mr/sites/default/files/2020-11/J.O.%201417F%20DU%2030.07.2018.pdf	data/fr/2018/JO_2018-07-30_1417.pdf
SAVING_PDF_FILE_CSV	ar	346	1418	2018-08-10	https://www.msgg.gov.mr/sites/default/files/2020-11/J.O.1418A%20DU%2010.08.2018.pdf	data/ar/2018/JO_2018-08-10_1418.pdf
SAVING_PDF_FILE_CSV	fr	346	1418	2018-08-10	https://www.msgg.gov.mr/sites/default/files/2020-11/J.O.1418F%20DU%2010.08.2018.pdf	data/fr/2018/JO_2018-08-10_1418.pdf
SAVING_PDF_FILE_CSV	ar	347	1419	2018-08-15	https://www.msgg.gov.mr/sites/default/files/2020-11/J.O.1419A%20DU%2015.08.2018.pdf	data/ar/2018/JO_2018-08-15_1419.pdf
SAVING_PDF_FILE_CSV	fr	347	1419	2018-08-15	https://www.msgg.gov.mr/sites/default/files/2020-11/J.O.1419F%20DU%2015.08.2018.pdf	data/fr/2018/JO_2018-08-15_1419.pdf
SAVING_PDF_FILE_CSV	ar	348	1420	2018-08-30	https://www.msgg.gov.mr/sites/default/files/2020-11/J.O.%201420A%20DU%2030.08.2018.pdf	data/ar/2018/JO_2018-08-30_1420.pdf
SAVING_PDF_FILE_CSV	fr	348	1420	2018-08-30	https://www.msgg.gov.mr/sites/default/files/2020-11/J.O.%201420F%20DU%2030.08.2018.pdf	data/fr/2018/JO_2018-08-30_1420.pdf
SAVING_PDF_FILE_CSV	ar	349	1421	2018-09-15	https://www.msgg.gov.mr/sites/default/files/2020-11/J.O.%201421A%20DU%2015.09.2018.pdf	data/ar/2018/JO_2018-09-15_1421.pdf
SAVING_PDF_FILE_CSV	fr	349	1421	2018-09-15	https://www.msgg.gov.mr/sites/default/files/2020-11/J.O.%201421F%20DU%2015.09.2018.pdf	data/fr/2018/JO_2018-09-15_1421.pdf
SAVING_PDF_FILE_CSV	ar	350	1422	2018-09-30	https://www.msgg.gov.mr/sites/default/files/2020-11/J.O.%201422A%20DU%2030.09.2018.pdf	data/ar/2018/JO_2018-09-30_1422.pdf
SAVING_PDF_FILE_CSV	fr	350	1422	2018-09-30	https://www.msgg.gov.mr/sites/default/files/2020-11/J.O.%201422F%20DU%2030.09.2018.pdf	data/fr/2018/JO_2018-09-30_1422.pdf
SAVING_PDF_FILE_CSV	ar	351	1423	2018-10-15	https://www.msgg.gov.mr/sites/default/files/2020-11/J.O.%201423A%20DU%2015.10.2018.pdf	data/ar/2018/JO_2018-10-15_1423.pdf
SAVING_PDF_FILE_CSV	fr	351	1423	2018-10-15	https://www.msgg.gov.mr/sites/default/files/2020-11/J.O.%201423F%20DU%2015.10.2018.pdf	data/fr/2018/JO_2018-10-15_1423.pdf
SAVING_PDF_FILE_CSV	ar	352	1424	2018-10-30	https://www.msgg.gov.mr/sites/default/files/2020-11/J.O.%201424A%20DU%2030.10.2018.pdf	data/ar/2018/JO_2018-10-30_1424.pdf
SAVING_PDF_FILE_CSV	fr	352	1424	2018-10-30	https://www.msgg.gov.mr/sites/default/files/2020-11/J.O.%201424F%20DU%2030.10.2018.pdf	data/fr/2018/JO_2018-10-30_1424.pdf
SAVING_PDF_FILE_CSV	ar	353	1425	2018-11-15	https://www.msgg.gov.mr/sites/default/files/2020-11/J.O.%201425A%20DU%2015.11.2018.pdf	data/ar/2018/JO_2018-11-15_1425.pdf
SAVING_PDF_FILE_CSV	fr	353	1425	2018-11-15	https://www.msgg.gov.mr/sites/default/files/2020-11/J.O.%201425F%20DU%2015.11.2018.pdf	data/fr/2018/JO_2018-11-15_1425.pdf
SAVING_PDF_FILE_CSV	ar	354	1426	2018-11-30	https://www.msgg.gov.mr/sites/default/files/2020-11/JO%201426A%20du%2030.11.2018.pdf	data/ar/2018/JO_2018-11-30_1426.pdf
SAVING_PDF_FILE_CSV	fr	354	1426	2018-11-30	https://www.msgg.gov.mr/sites/default/files/2020-11/JO%201426F%20du%2030.11.2018fin.pdf	data/fr/2018/JO_2018-11-30_1426.pdf
SAVING_PDF_FILE_CSV	ar	355	1427	2018-12-15	https://www.msgg.gov.mr/sites/default/files/2020-11/J.O.%201427A%20DU%2015.12.2018.pdf	data/ar/2018/JO_2018-12-15_1427.pdf
SAVING_PDF_FILE_CSV	fr	355	1427	2018-12-15	https://www.msgg.gov.mr/sites/default/files/2020-11/J.O.%201427F%20DU%2015.12.2018.pdf	data/fr/2018/JO_2018-12-15_1427.pdf
SAVING_PDF_FILE_CSV	ar	356	1428	2018-12-30	https://www.msgg.gov.mr/sites/default/files/2020-11/J.O.%201428A%20DU%2030.12.2018.pdf	data/ar/2018/JO_2018-12-30_1428.pdf
SAVING_PDF_FILE_CSV	fr	356	1428	2018-12-30	https://www.msgg.gov.mr/sites/default/files/2020-11/J.O.%201428F%20DU%2030.12.2018.pdf	data/fr/2018/JO_2018-12-30_1428.pdf
SAVING_PDF_FILE_CSV	ar	357	1429	2019-01-15	https://www.msgg.gov.mr/sites/default/files/2020-11/J.O.%201429A%20DU%2015.01.2019.pdf	data/ar/2019/JO_2019-01-15_1429.pdf
SAVING_PDF_FILE_CSV	fr	357	1429	2019-01-15	https://www.msgg.gov.mr/sites/default/files/2020-11/J.O.%201429F%20DU%2015.01.2019.pdf	data/fr/2019/JO_2019-01-15_1429.pdf
SAVING_PDF_FILE_CSV	ar	358	1430	2019-01-30	https://www.msgg.gov.mr/sites/default/files/2020-11/J.O.%201430A%20DU%2030.01.2019.pdf	data/ar/2019/JO_2019-01-30_1430.pdf
SAVING_PDF_FILE_CSV	fr	358	1430	2019-01-30	https://www.msgg.gov.mr/sites/default/files/2020-11/J.O.%201430F%20DU%2030.01.2019.pdf	data/fr/2019/JO_2019-01-30_1430.pdf
SAVING_PDF_FILE_CSV	ar	359	1431	2018-02-15	https://www.msgg.gov.mr/sites/default/files/2020-11/J.O.%201431A%20DU%2015.02.209.pdf	data/ar/2018/JO_2018-02-15_1431.pdf
SAVING_PDF_FILE_CSV	fr	359	1431	2018-02-15	https://www.msgg.gov.mr/sites/default/files/2020-11/J.O.%201431F%20DU%2015.02.209.pdf	data/fr/2018/JO_2018-02-15_1431.pdf
SAVING_PDF_FILE_CSV	ar	360	1432	2019-02-28	https://www.msgg.gov.mr/sites/default/files/2020-11/J.O.%201432A%20DU%2028.02.2019.pdf	data/ar/2019/JO_2019-02-28_1432.pdf
SAVING_PDF_FILE_CSV	fr	360	1432	2019-02-28	https://www.msgg.gov.mr/sites/default/files/2020-11/J.O.%201432F%20DU%2028.02.2019.pdf	data/fr/2019/JO_2019-02-28_1432.pdf
SAVING_PDF_FILE_CSV	ar	361	1433	2019-03-15	https://www.msgg.gov.mr/sites/default/files/2020-11/J.O.%201433A%20DU%2015.03.2019.pdf	data/ar/2019/JO_2019-03-15_1433.pdf
SAVING_PDF_FILE_CSV	fr	361	1433	2019-03-15	https://www.msgg.gov.mr/sites/default/files/2020-11/J.O.%201433F%20DU%2015.03.2019.pdf	data/fr/2019/JO_2019-03-15_1433.pdf
SAVING_PDF_FILE_CSV	ar	362	1434	2019-03-30	https://www.msgg.gov.mr/sites/default/files/2020-11/J.O.%201434A%20DU%2030.03.2019.pdf	data/ar/2019/JO_2019-03-30_1434.pdf
SAVING_PDF_FILE_CSV	fr	362	1434	2019-03-30	https://www.msgg.gov.mr/sites/default/files/2020-11/J.O.%201434F%20DU%2030.03.2019.pdf	data/fr/2019/JO_2019-03-30_1434.pdf
SAVING_PDF_FILE_CSV	ar	363	1435	2019-04-15	https://www.msgg.gov.mr/sites/default/files/2020-11/J.O.%201435A%20DU%2015.04.2019.pdf	data/ar/2019/JO_2019-04-15_1435.pdf
SAVING_PDF_FILE_CSV	fr	363	1435	2019-04-15	https://www.msgg.gov.mr/sites/default/files/2020-11/J.O.%201435F%20DU%2015.04.2019.pdf	data/fr/2019/JO_2019-04-15_1435.pdf
SAVING_PDF_FILE_CSV	ar	364	1436	2019-04-30	https://www.msgg.gov.mr/sites/default/files/2020-11/J.O.%201436A%20DU%2030.04.2019.pdf	data/ar/2019/JO_2019-04-30_1436.pdf
SAVING_PDF_FILE_CSV	fr	364	1436	2019-04-30	https://www.msgg.gov.mr/sites/default/files/2020-11/J.O.%201436F%20DU%2030.04.2019.pdf	data/fr/2019/JO_2019-04-30_1436.pdf
SAVING_PDF_FILE_CSV	ar	365	1437	2019-05-15	https://www.msgg.gov.mr/sites/default/files/2020-11/J.O%201437%20A%20du%2015.05.2019.pdf	data/ar/2019/JO_2019-05-15_1437.pdf
SAVING_PDF_FILE_CSV	fr	365	1437	2019-05-15	https://www.msgg.gov.mr/sites/default/files/2020-11/JO%201437%20F.pdf	data/fr/2019/JO_2019-05-15_1437.pdf
SAVING_PDF_FILE_CSV	ar	366	1438	2019-05-30	https://www.msgg.gov.mr/sites/default/files/2020-11/J.O%201438%20A%20du%2030.05.2019.pdf	data/ar/2019/JO_2019-05-30_1438.pdf
SAVING_PDF_FILE_CSV	fr	366	1438	2019-05-30	https://www.msgg.gov.mr/sites/default/files/2020-11/J.O%201438%20F%20du%2030.05.2019fin.pdf	data/fr/2019/JO_2019-05-30_1438.pdf
SAVING_PDF_FILE_CSV	ar	367	1439	2019-06-15	https://www.msgg.gov.mr/sites/default/files/2020-11/J.O.%201439A%20DU%2015.06.2019fin.pdf	data/ar/2019/JO_2019-06-15_1439.pdf
SAVING_PDF_FILE_CSV	fr	367	1439	2019-06-15	https://www.msgg.gov.mr/sites/default/files/2020-11/J.O.%201439F%20DU%2015.06.2019.pdf	data/fr/2019/JO_2019-06-15_1439.pdf
SAVING_PDF_FILE_CSV	ar	368	1440	2019-06-30	https://www.msgg.gov.mr/sites/default/files/2020-11/J.O.%201440A%20DU%2030.06.2019.pdf	data/ar/2019/JO_2019-06-30_1440.pdf
SAVING_PDF_FILE_CSV	fr	368	1440	2019-06-30	https://www.msgg.gov.mr/sites/default/files/2020-11/J.O.%201440F%20DU%2030..06.2019.pdf	data/fr/2019/JO_2019-06-30_1440.pdf
SAVING_PDF_FILE_CSV	ar	369	1441	2019-07-15	https://www.msgg.gov.mr/sites/default/files/2020-11/1.O.%201441A%20DU%2015.07.2019.pdf	data/ar/2019/JO_2019-07-15_1441.pdf
SAVING_PDF_FILE_CSV	fr	369	1441	2019-07-15	https://www.msgg.gov.mr/sites/default/files/2020-11/J.O.%201441F%20DU%2015.07.2019.pdf	data/fr/2019/JO_2019-07-15_1441.pdf
SAVING_PDF_FILE_CSV	ar	370	1442	2019-07-30	https://www.msgg.gov.mr/sites/default/files/2020-11/J.O.%201442ADU%2030.07.2019%29.pdf	data/ar/2019/JO_2019-07-30_1442.pdf
SAVING_PDF_FILE_CSV	fr	370	1442	2019-07-30	https://www.msgg.gov.mr/sites/default/files/2020-11/J.O.%201442F%20DU%2030.07.2019.pdf	data/fr/2019/JO_2019-07-30_1442.pdf
SAVING_PDF_FILE_CSV	ar	371	1443	2019-08-15	https://www.msgg.gov.mr/sites/default/files/2020-11/J.O.%201443A%20DU%2015.08.2019.pdf	data/ar/2019/JO_2019-08-15_1443.pdf
SAVING_PDF_FILE_CSV	fr	371	1443	2019-08-15	https://www.msgg.gov.mr/sites/default/files/2020-11/J.O.%201443F%20DU%2015.08.2019.pdf	data/fr/2019/JO_2019-08-15_1443.pdf
SAVING_PDF_FILE_CSV	ar	372	1444	2019-08-30	https://www.msgg.gov.mr/sites/default/files/2020-11/J.O.%201444A%20DU%2030.08.2019.pdf	data/ar/2019/JO_2019-08-30_1444.pdf
SAVING_PDF_FILE_CSV	fr	372	1444	2019-08-30	https://www.msgg.gov.mr/sites/default/files/2020-11/J.O.%201444F%20DU%2030.08.2019.pdf	data/fr/2019/JO_2019-08-30_1444.pdf
SAVING_PDF_FILE_CSV	ar	373	1445	2019-09-15	https://www.msgg.gov.mr/sites/default/files/2020-11/J.O.%201445A%20DU%2015.09.2019.pdf	data/ar/2019/JO_2019-09-15_1445.pdf
SAVING_PDF_FILE_CSV	fr	373	1445	2019-09-15	https://www.msgg.gov.mr/sites/default/files/2020-11/J.O.%201445F%20DU%2015.09.2019.pdf	data/fr/2019/JO_2019-09-15_1445.pdf
SAVING_PDF_FILE_CSV	ar	374	1446	2019-09-30	https://www.msgg.gov.mr/sites/default/files/2020-11/J.O.%201446A%20DU%2030.09.2019.pdf	data/ar/2019/JO_2019-09-30_1446.pdf
SAVING_PDF_FILE_CSV	fr	374	1446	2019-09-30	https://www.msgg.gov.mr/sites/default/files/2020-11/J.O.%201446F%20DU%2030.09.2019.pdf	data/fr/2019/JO_2019-09-30_1446.pdf
SAVING_PDF_FILE_CSV	ar	375	1447	2019-10-15	https://www.msgg.gov.mr/sites/default/files/2020-11/J.O.%201447A%20DU%2015.10.2019.pdf	data/ar/2019/JO_2019-10-15_1447.pdf
SAVING_PDF_FILE_CSV	fr	375	1447	2019-10-15	https://www.msgg.gov.mr/sites/default/files/2020-11/J.O.%201447F%20DU%2015.10.2019.pdf	data/fr/2019/JO_2019-10-15_1447.pdf
SAVING_PDF_FILE_CSV	ar	376	1448	2019-10-30	https://www.msgg.gov.mr/sites/default/files/2020-11/J.O.%201448A%20DU%2030.10.2019.pdf	data/ar/2019/JO_2019-10-30_1448.pdf
SAVING_PDF_FILE_CSV	fr	376	1448	2019-10-30	https://www.msgg.gov.mr/sites/default/files/2020-11/J.O.%201448F%20DU%2030.10.2019.pdf	data/fr/2019/JO_2019-10-30_1448.pdf
SAVING_PDF_FILE_CSV	ar	377	1449	2019-11-15	https://www.msgg.gov.mr/sites/default/files/2020-11/J.O.%201449A%20DU%2015.11.2019.pdf	data/ar/2019/JO_2019-11-15_1449.pdf
SAVING_PDF_FILE_CSV	fr	377	1449	2019-11-15	https://www.msgg.gov.mr/sites/default/files/2020-11/J.O.%201449F%20DU%2015.11.2019.pdf	data/fr/2019/JO_2019-11-15_1449.pdf
SAVING_PDF_FILE_CSV	ar	378	1450	2019-11-30	https://www.msgg.gov.mr/sites/default/files/2020-11/J.O.%201450A%20DU%2030.11.2019.pdf	data/ar/2019/JO_2019-11-30_1450.pdf
SAVING_PDF_FILE_CSV	fr	378	1450	2019-11-30	https://www.msgg.gov.mr/sites/default/files/2020-11/J.O.%201450F%20DU%2030.11.2019.pdf	data/fr/2019/JO_2019-11-30_1450.pdf
SAVING_PDF_FILE_CSV	ar	379	1451	2019-12-15	https://www.msgg.gov.mr/sites/default/files/2020-11/J.O.%201451A%20DU%2015.12.2019.pdf	data/ar/2019/JO_2019-12-15_1451.pdf
SAVING_PDF_FILE_CSV	fr	379	1451	2019-12-15	https://www.msgg.gov.mr/sites/default/files/2020-11/J.O.%201451F%20DU%2015.12.2019.pdf	data/fr/2019/JO_2019-12-15_1451.pdf
SAVING_PDF_FILE_CSV	ar	380	1452	2019-12-30	https://www.msgg.gov.mr/sites/default/files/2020-11/J.O.1452A%20DU%2030.12.2019.pdf	data/ar/2019/JO_2019-12-30_1452.pdf
SAVING_PDF_FILE_CSV	fr	380	1452	2019-12-30	https://www.msgg.gov.mr/sites/default/files/2020-11/J.O.%201452F%20DU%2030.12.2019.pdf	data/fr/2019/JO_2019-12-30_1452.pdf
SAVING_PDF_FILE_CSV	ar	393	1406	2018-02-15	https://www.msgg.gov.mr/sites/default/files/2020-11/JO%201406%20AR.pdf	data/ar/2018/JO_2018-02-15_1406.pdf
SAVING_PDF_FILE_CSV	fr	393	1406	2018-02-15	https://www.msgg.gov.mr/sites/default/files/2020-11/JO%201406%20FR.pdf	data/fr/2018/JO_2018-02-15_1406.pdf
SAVING_PDF_FILE_CSV	ar	456	1453	2020-01-15	https://www.msgg.gov.mr/sites/default/files/2021-04/J.O.%201453A%20DU%2015.01.2020.pdf	data/ar/2020/JO_2020-01-15_1453.pdf
SAVING_PDF_FILE_CSV	fr	456	1453	2020-01-15	https://www.msgg.gov.mr/sites/default/files/2021-04/J.O.%201453F%20DU%2015.01.2020.pdf	data/fr/2020/JO_2020-01-15_1453.pdf
SAVING_PDF_FILE_CSV	ar	457	1453	2020-01-15	https://www.msgg.gov.mr/sites/default/files/2021-04/2020-001%20AR.pdf	data/ar/2020/JO_2020-01-15_1453.pdf
SAVING_PDF_FILE_CSV	fr	457	1453	2020-01-15	https://www.msgg.gov.mr/sites/default/files/2021-04/2020-001%20FR.pdf	data/fr/2020/JO_2020-01-15_1453.pdf
SAVING_PDF_FILE_CSV	ar	458	1454	2020-01-30	https://www.msgg.gov.mr/sites/default/files/2021-04/J.O.1454A%20DU%2030.01.2020.pdf	data/ar/2020/JO_2020-01-30_1454.pdf
SAVING_PDF_FILE_CSV	fr	458	1454	2020-01-30	https://www.msgg.gov.mr/sites/default/files/2021-04/J.O.%201454F%20DU%2030.01.2020.pdf	data/fr/2020/JO_2020-01-30_1454.pdf
SAVING_PDF_FILE_CSV	ar	459	1455	2020-02-15	https://www.msgg.gov.mr/sites/default/files/2021-04/J.O.%201455A%20DU%2015.02.2020.pdf	data/ar/2020/JO_2020-02-15_1455.pdf
SAVING_PDF_FILE_CSV	fr	459	1455	2020-02-15	https://www.msgg.gov.mr/sites/default/files/2021-04/J.O.%201455F%20DU%2015.02.2020.pdf	data/fr/2020/JO_2020-02-15_1455.pdf
SAVING_PDF_FILE_CSV	ar	460	1456	2020-02-29	https://www.msgg.gov.mr/sites/default/files/2021-04/J.O.%201456A%20DU%2029.02.2020.pdf	data/ar/2020/JO_2020-02-29_1456.pdf
SAVING_PDF_FILE_CSV	fr	460	1456	2020-02-29	https://www.msgg.gov.mr/sites/default/files/2021-04/J.O.%201456F%20DU%2029.02.2020.pdf	data/fr/2020/JO_2020-02-29_1456.pdf
SAVING_PDF_FILE_CSV	ar	461	1457	2020-03-15	https://www.msgg.gov.mr/sites/default/files/2021-04/J.O.%201457A%20DU%2015.03.2020.pdf	data/ar/2020/JO_2020-03-15_1457.pdf
SAVING_PDF_FILE_CSV	fr	461	1457	2020-03-15	https://www.msgg.gov.mr/sites/default/files/2021-04/J.O.%201457%20ff%20DU%2015.03.2020.pdf	data/fr/2020/JO_2020-03-15_1457.pdf
SAVING_PDF_FILE_CSV	ar	462	1458	2020-03-30	https://www.msgg.gov.mr/sites/default/files/2021-04/J.O.%201458A%20DU%2030.03.2020.pdf	data/ar/2020/JO_2020-03-30_1458.pdf
SAVING_PDF_FILE_CSV	fr	462	1458	2020-03-30	https://www.msgg.gov.mr/sites/default/files/2021-04/J.O.%201458F%20DU%2030.03.2020.pdf	data/fr/2020/JO_2020-03-30_1458.pdf
SAVING_PDF_FILE_CSV	ar	463	1459	2020-04-15	https://www.msgg.gov.mr/sites/default/files/2021-04/J.O.%201459A%20DU%2015.04.2020.pdf	data/ar/2020/JO_2020-04-15_1459.pdf
SAVING_PDF_FILE_CSV	fr	463	1459	2020-04-15	https://www.msgg.gov.mr/sites/default/files/2021-04/J.O.%201459F%20DU%2015.04.2020%282%29.pdf	data/fr/2020/JO_2020-04-15_1459.pdf
SAVING_PDF_FILE_CSV	ar	464	1460	2020-04-30	https://www.msgg.gov.mr/sites/default/files/2021-04/J.O.%201460A%20du%2030.04.2020.pdf	data/ar/2020/JO_2020-04-30_1460.pdf
SAVING_PDF_FILE_CSV	fr	464	1460	2020-04-30	https://www.msgg.gov.mr/sites/default/files/2021-04/J.O.%201460F%20DU%2030.04.2020%202.pdf	data/fr/2020/JO_2020-04-30_1460.pdf
SAVING_PDF_FILE_CSV	ar	465	1461	2020-05-15	https://www.msgg.gov.mr/sites/default/files/2021-04/J.O%201461A%20du%2015.05.2020.pdf	data/ar/2020/JO_2020-05-15_1461.pdf
SAVING_PDF_FILE_CSV	fr	465	1461	2020-05-15	https://www.msgg.gov.mr/sites/default/files/2021-04/J.O%201461F%20du%2015.05.2020.pdf	data/fr/2020/JO_2020-05-15_1461.pdf
SAVING_PDF_FILE_CSV	ar	466	1462	2020-05-30	https://www.msgg.gov.mr/sites/default/files/2021-04/J.O%201462A%20du%2030.05.2020.pdf	data/ar/2020/JO_2020-05-30_1462.pdf
SAVING_PDF_FILE_CSV	fr	466	1462	2020-05-30	https://www.msgg.gov.mr/sites/default/files/2021-04/J.O%201462F%20du%2030.05.2020.pdf	data/fr/2020/JO_2020-05-30_1462.pdf
SAVING_PDF_FILE_CSV	ar	468	1463	2020-06-15	https://www.msgg.gov.mr/sites/default/files/2021-04/J.O.%201463A%20DU%2015.06.2020_0.pdf	data/ar/2020/JO_2020-06-15_1463.pdf
SAVING_PDF_FILE_CSV	fr	468	1463	2020-06-15	https://www.msgg.gov.mr/sites/default/files/2021-04/J.O.%201463F%20DU%2015.06.2020%281%29.pdf	data/fr/2020/JO_2020-06-15_1463.pdf
SAVING_PDF_FILE_CSV	ar	469	1463	2020-06-15	https://www.msgg.gov.mr/sites/default/files/2021-04/JO%201463%20bis%20AR%20%28%20LFR%29.pdf	data/ar/2020/JO_2020-06-15_1463.pdf
SAVING_PDF_FILE_CSV	fr	469	1463	2020-06-15	https://www.msgg.gov.mr/sites/default/files/2021-04/JO%201463%20bis%20FR%20%28%20LFR%29.pdf	data/fr/2020/JO_2020-06-15_1463.pdf
SAVING_PDF_FILE_CSV	ar	470	1464	2020-06-30	https://www.msgg.gov.mr/sites/default/files/2021-04/J.O.%201464A%20DU%2030.06.2020.pdf	data/ar/2020/JO_2020-06-30_1464.pdf
SAVING_PDF_FILE_CSV	fr	470	1464	2020-06-30	https://www.msgg.gov.mr/sites/default/files/2021-04/J.O.%201464F%20DU%2030.06.2020-1.pdf	data/fr/2020/JO_2020-06-30_1464.pdf
SAVING_PDF_FILE_CSV	ar	471	1465	2020-07-15	https://www.msgg.gov.mr/sites/default/files/2021-04/J.O.%201465A%20DU%2015.07.2020.pdf	data/ar/2020/JO_2020-07-15_1465.pdf
SAVING_PDF_FILE_CSV	fr	471	1465	2020-07-15	https://www.msgg.gov.mr/sites/default/files/2021-04/J.O.%201465F%20DU%2015.07.2020.pdf	data/fr/2020/JO_2020-07-15_1465.pdf
SAVING_PDF_FILE_CSV	ar	472	1466	2020-07-30	https://www.msgg.gov.mr/sites/default/files/2021-04/J.O.%201466%20BIS%20A%20DU%2030.07.2020.pdf	data/ar/2020/JO_2020-07-30_1466.pdf
SAVING_PDF_FILE_CSV	fr	472	1466	2020-07-30	https://www.msgg.gov.mr/sites/default/files/2021-04/J.O.%201466%20bis%20%20F%20DU%2030.07.2020.pdf	data/fr/2020/JO_2020-07-30_1466.pdf
SAVING_PDF_FILE_CSV	ar	473	1466	2020-07-30	https://www.msgg.gov.mr/sites/default/files/2021-04/J.O.%201466A%20DU%2030.07.2020.pdf	data/ar/2020/JO_2020-07-30_1466.pdf
SAVING_PDF_FILE_CSV	fr	473	1466	2020-07-30	https://www.msgg.gov.mr/sites/default/files/2021-04/J.O.%201466%20F%20DU%2030.07.2020.pdf	data/fr/2020/JO_2020-07-30_1466.pdf
SAVING_PDF_FILE_CSV	ar	474	1467	2020-08-15	https://www.msgg.gov.mr/sites/default/files/2021-04/J.O.%201467%20A%20DU%2015.08.2020.pdf	data/ar/2020/JO_2020-08-15_1467.pdf
SAVING_PDF_FILE_CSV	fr	474	1467	2020-08-15	https://www.msgg.gov.mr/sites/default/files/2021-04/J.O.%201467F%20DU%2015.08.2020.pdf	data/fr/2020/JO_2020-08-15_1467.pdf
SAVING_PDF_FILE_CSV	ar	475	1468	2020-08-30	https://www.msgg.gov.mr/sites/default/files/2021-04/J.O.%201468A%20DU%2030.08.2020.pdf	data/ar/2020/JO_2020-08-30_1468.pdf
SAVING_PDF_FILE_CSV	fr	475	1468	2020-08-30	https://www.msgg.gov.mr/sites/default/files/2021-04/J.O.%201468F%20DU%2030.08.2020.pdf	data/fr/2020/JO_2020-08-30_1468.pdf
SAVING_PDF_FILE_CSV	ar	476	1469	2020-09-15	https://www.msgg.gov.mr/sites/default/files/2021-04/J.O.%201469A%20DU%2015.09.2020.pdf	data/ar/2020/JO_2020-09-15_1469.pdf
SAVING_PDF_FILE_CSV	fr	476	1469	2020-09-15	https://www.msgg.gov.mr/sites/default/files/2021-04/J.O.%201469F%20DU%2015.09.2020.pdf	data/fr/2020/JO_2020-09-15_1469.pdf
SAVING_PDF_FILE_CSV	ar	477	1470	2020-09-30	https://www.msgg.gov.mr/sites/default/files/2021-04/J.O.%201470A%20DU%2030.09.2020.pdf	data/ar/2020/JO_2020-09-30_1470.pdf
SAVING_PDF_FILE_CSV	fr	477	1470	2020-09-30	https://www.msgg.gov.mr/sites/default/files/2021-04/J.O.%201470F%20DU%2030.09.2020.pdf	data/fr/2020/JO_2020-09-30_1470.pdf
SAVING_PDF_FILE_CSV	ar	478	1471	2020-10-15	https://www.msgg.gov.mr/sites/default/files/2021-04/1471A%20DU%2015.10.2020.pdf	data/ar/2020/JO_2020-10-15_1471.pdf
SAVING_PDF_FILE_CSV	fr	478	1471	2020-10-15	https://www.msgg.gov.mr/sites/default/files/2021-04/1471F%20DU%2015.10.2020.pdf	data/fr/2020/JO_2020-10-15_1471.pdf
SAVING_PDF_FILE_CSV	ar	479	1472	2020-10-30	https://www.msgg.gov.mr/sites/default/files/2021-04/1472A%20DU30.10.2020.pdf	data/ar/2020/JO_2020-10-30_1472.pdf
SAVING_PDF_FILE_CSV	fr	479	1472	2020-10-30	https://www.msgg.gov.mr/sites/default/files/2021-04/J.O.%201472F%20DU%2030.10.2020.pdf	data/fr/2020/JO_2020-10-30_1472.pdf
SAVING_PDF_FILE_CSV	ar	480	1473	2020-11-15	https://www.msgg.gov.mr/sites/default/files/2021-04/J.O.%201473%20A%20DU%2015.11.2020.pdf	data/ar/2020/JO_2020-11-15_1473.pdf
SAVING_PDF_FILE_CSV	fr	480	1473	2020-11-15	https://www.msgg.gov.mr/sites/default/files/2021-04/J.O.%201473%20F%20DU%2015.11.2020.pdf	data/fr/2020/JO_2020-11-15_1473.pdf
SAVING_PDF_FILE_CSV	ar	481	1474	2020-11-30	https://www.msgg.gov.mr/sites/default/files/2021-04/J.O.%201474A%20DU%2030.11.2020.pdf	data/ar/2020/JO_2020-11-30_1474.pdf
SAVING_PDF_FILE_CSV	fr	481	1474	2020-11-30	https://www.msgg.gov.mr/sites/default/files/2021-04/J.O.%201474F%20DU%2030.11.2020-2.pdf	data/fr/2020/JO_2020-11-30_1474.pdf
SAVING_PDF_FILE_CSV	ar	482	1475	2020-12-15	https://www.msgg.gov.mr/sites/default/files/2021-04/J.O.%201475A%20DU%2015.12.2020.pdf	data/ar/2020/JO_2020-12-15_1475.pdf
SAVING_PDF_FILE_CSV	fr	482	1475	2020-12-15	https://www.msgg.gov.mr/sites/default/files/2021-04/J.O.%201475F%20DU%2015.12.2020%20fin.pdf	data/fr/2020/JO_2020-12-15_1475.pdf
SAVING_PDF_FILE_CSV	ar	483	1476	2020-12-30	https://www.msgg.gov.mr/sites/default/files/2021-04/J.O.%201476%20A%20DU%2030.12.2020.pdf	data/ar/2020/JO_2020-12-30_1476.pdf
SAVING_PDF_FILE_CSV	fr	483	1476	2020-12-30	https://www.msgg.gov.mr/sites/default/files/2021-04/J.O.%201476F%20DU%2030.12.2020.pdf	data/fr/2020/JO_2020-12-30_1476.pdf
SAVING_PDF_FILE_CSV	ar	484	1477	2021-01-15	https://www.msgg.gov.mr/sites/default/files/2021-04/J.O.%201477A%20DU%2015.01.2021.pdf	data/ar/2021/JO_2021-01-15_1477.pdf
SAVING_PDF_FILE_CSV	fr	484	1477	2021-01-15	https://www.msgg.gov.mr/sites/default/files/2021-04/J.O.%201477F%20DU%2015.01.2021.pdf	data/fr/2021/JO_2021-01-15_1477.pdf
SAVING_PDF_FILE_CSV	ar	485	1478	2021-01-30	https://www.msgg.gov.mr/sites/default/files/2021-04/J.O.%201478A%20DU%2030.01.2021.pdf	data/ar/2021/JO_2021-01-30_1478.pdf
SAVING_PDF_FILE_CSV	fr	485	1478	2021-01-30	https://www.msgg.gov.mr/sites/default/files/2021-04/J.O.%201478F%20DU%2030.01.2021.pdf	data/fr/2021/JO_2021-01-30_1478.pdf
SAVING_PDF_FILE_CSV	ar	486	1479	2021-02-15	https://www.msgg.gov.mr/sites/default/files/2021-04/J.O.%201479A%20DU%2015.02.2020.pdf	data/ar/2021/JO_2021-02-15_1479.pdf
SAVING_PDF_FILE_CSV	fr	486	1479	2021-02-15	https://www.msgg.gov.mr/sites/default/files/2021-04/J.O.%201479F%20DU%2015.02.2020.pdf	data/fr/2021/JO_2021-02-15_1479.pdf
SAVING_PDF_FILE_CSV	ar	487	1480	2021-02-02	https://www.msgg.gov.mr/sites/default/files/2021-04/J.O.%201480A%20DU%2028.02.2021.pdf	data/ar/2021/JO_2021-02-02_1480.pdf
SAVING_PDF_FILE_CSV	fr	487	1480	2021-02-02	https://www.msgg.gov.mr/sites/default/files/2021-04/J.O.%201480F%20DU%2028.02.2021.pdf	data/fr/2021/JO_2021-02-02_1480.pdf
SAVING_PDF_FILE_CSV	ar	488	1481	2021-03-15	https://www.msgg.gov.mr/sites/default/files/2021-04/J.O.%201481A%20DU%2015.03.2020.pdf	data/ar/2021/JO_2021-03-15_1481.pdf
SAVING_PDF_FILE_CSV	fr	488	1481	2021-03-15	https://www.msgg.gov.mr/sites/default/files/2021-04/J.O.%201481F%20DU%2015.03.2021.pdf	data/fr/2021/JO_2021-03-15_1481.pdf
SAVING_PDF_FILE_CSV	ar	489	1482	2021-03-30	https://www.msgg.gov.mr/sites/default/files/2021-04/J.O.%201482%20A%20DU%2030.03.2020.pdf	data/ar/2021/JO_2021-03-30_1482.pdf
SAVING_PDF_FILE_CSV	fr	489	1482	2021-03-30	https://www.msgg.gov.mr/sites/default/files/2021-04/J.O.%201482F%20DU%2030.03.2021.pdf	data/fr/2021/JO_2021-03-30_1482.pdf
SAVING_PDF_FILE_CSV	ar	499	1483	2021-04-15	https://www.msgg.gov.mr/sites/default/files/2021-05/J.O.%201483%20A%20DU%2015..04.2021.pdf	data/ar/2021/JO_2021-04-15_1483.pdf
SAVING_PDF_FILE_CSV	fr	499	1483	2021-04-15	https://www.msgg.gov.mr/sites/default/files/2021-05/J.O.%201483F%20DU%2015.04.2021.pdf	data/fr/2021/JO_2021-04-15_1483.pdf
SAVING_PDF_FILE_CSV	ar	500	1484	2021-04-30	https://www.msgg.gov.mr/sites/default/files/2021-05/J.O%201484%20A%20du%2030.04.2021.pdf	data/ar/2021/JO_2021-04-30_1484.pdf
SAVING_PDF_FILE_CSV	fr	500	1484	2021-04-30	https://www.msgg.gov.mr/sites/default/files/2021-05/J.O%201484%20F%20du%2030.04.2021.pdf	data/fr/2021/JO_2021-04-30_1484.pdf
SAVING_PDF_FILE_CSV	ar	501	1485	2021-05-15	https://www.msgg.gov.mr/sites/default/files/2021-05/J.O%201485%20A%20du%2015.05.2021.pdf	data/ar/2021/JO_2021-05-15_1485.pdf
SAVING_PDF_FILE_CSV	fr	501	1485	2021-05-15	https://www.msgg.gov.mr/sites/default/files/2021-05/J.O%201485%20F%20du%2015.05.2021.pdf	data/fr/2021/JO_2021-05-15_1485.pdf
SAVING_PDF_FILE_CSV	ar	550	1486	2021-05-30	https://www.msgg.gov.mr/sites/default/files/2021-10/J.O%201486%20A%20du%2030.05.2021.pdf	data/ar/2021/JO_2021-05-30_1486.pdf
SAVING_PDF_FILE_CSV	fr	550	1486	2021-05-30	https://www.msgg.gov.mr/sites/default/files/2021-10/J.O%201486%20F%20du%2030.05.2021.pdf	data/fr/2021/JO_2021-05-30_1486.pdf
SAVING_PDF_FILE_CSV	ar	551	1487	2021-06-15	https://www.msgg.gov.mr/sites/default/files/2021-10/J.O%201487%20A%20du%2015.06.2021.pdf	data/ar/2021/JO_2021-06-15_1487.pdf
SAVING_PDF_FILE_CSV	fr	551	1487	2021-06-15	https://www.msgg.gov.mr/sites/default/files/2021-10/J.O%201487%20F%20du%2015.06.2021_0.pdf	data/fr/2021/JO_2021-06-15_1487.pdf
SAVING_PDF_FILE_CSV	ar	552	1488	2021-06-30	https://www.msgg.gov.mr/sites/default/files/2021-10/J.O.%201488A%20DU%2030.06.2021.pdf	data/ar/2021/JO_2021-06-30_1488.pdf
SAVING_PDF_FILE_CSV	fr	552	1488	2021-06-30	https://www.msgg.gov.mr/sites/default/files/2021-10/J.O.%201488F%20DU%2030.06.2021.pdf	data/fr/2021/JO_2021-06-30_1488.pdf
SAVING_PDF_FILE_CSV	ar	553	1489	2021-07-15	https://www.msgg.gov.mr/sites/default/files/2021-10/J.O.%201489A%20du%2015.07.2021.pdf	data/ar/2021/JO_2021-07-15_1489.pdf
SAVING_PDF_FILE_CSV	fr	553	1489	2021-07-15	https://www.msgg.gov.mr/sites/default/files/2021-10/J.O.%201489F%20du%2015.07.2021.pdf	data/fr/2021/JO_2021-07-15_1489.pdf
SAVING_PDF_FILE_CSV	ar	554	1490	2021-07-30	https://www.msgg.gov.mr/sites/default/files/2021-10/J.O.%201490A%20DU%2030.07.2021.pdf	data/ar/2021/JO_2021-07-30_1490.pdf
SAVING_PDF_FILE_CSV	fr	554	1490	2021-07-30	https://www.msgg.gov.mr/sites/default/files/2021-10/J.O.%201490F%20DU%2030.07.2021.pdf	data/fr/2021/JO_2021-07-30_1490.pdf
SAVING_PDF_FILE_CSV	ar	555	1491	2021-08-15	https://www.msgg.gov.mr/sites/default/files/2021-10/J.O.%201491A%20DU%2015.08.2021.pdf	data/ar/2021/JO_2021-08-15_1491.pdf
SAVING_PDF_FILE_CSV	fr	555	1491	2021-08-15	https://www.msgg.gov.mr/sites/default/files/2021-10/J.O.%201491F%20DU%2015.08.2021.pdf	data/fr/2021/JO_2021-08-15_1491.pdf
SAVING_PDF_FILE_CSV	ar	556	1492	2021-08-30	https://www.msgg.gov.mr/sites/default/files/2021-10/J.O.%201492A%20DU%2030.08.2021.pdf	data/ar/2021/JO_2021-08-30_1492.pdf
SAVING_PDF_FILE_CSV	fr	556	1492	2021-08-30	https://www.msgg.gov.mr/sites/default/files/2021-10/J.O.%201492F%20DU%2030.08.2021.pdf	data/fr/2021/JO_2021-08-30_1492.pdf
SAVING_PDF_FILE_CSV	ar	559	1493	2021-09-15	https://www.msgg.gov.mr/sites/default/files/2022-04/J.O.%201493A%20DU%2015.09.2021.pdf	data/ar/2021/JO_2021-09-15_1493.pdf
SAVING_PDF_FILE_CSV	fr	559	1493	2021-09-15	https://www.msgg.gov.mr/sites/default/files/2022-04/J.O.%201493F%20DU%2015.09.2021.pdf	data/fr/2021/JO_2021-09-15_1493.pdf
SAVING_PDF_FILE_CSV	ar	560	1494	2021-09-30	https://www.msgg.gov.mr/sites/default/files/2022-04/J.O.%201494%20A%20DU%2030.09.2021_0.pdf	data/ar/2021/JO_2021-09-30_1494.pdf
SAVING_PDF_FILE_CSV	fr	560	1494	2021-09-30	https://www.msgg.gov.mr/sites/default/files/2022-04/J.O.%201494%20F%20DU%2030.09.2021.pdf	data/fr/2021/JO_2021-09-30_1494.pdf
SAVING_PDF_FILE_CSV	ar	562	1495	2021-10-15	https://www.msgg.gov.mr/sites/default/files/2022-04/J.O.%201495A%20DU%2015.10.2021.pdf	data/ar/2021/JO_2021-10-15_1495.pdf
SAVING_PDF_FILE_CSV	fr	562	1495	2021-10-15	https://www.msgg.gov.mr/sites/default/files/2022-04/J.O.%201495F%20DU%2015.10.2021%202.pdf	data/fr/2021/JO_2021-10-15_1495.pdf
SAVING_PDF_FILE_CSV	ar	563	1496	2021-10-30	https://www.msgg.gov.mr/sites/default/files/2022-04/J.O.%201496A%20DU%2030.10.2021_0.pdf	data/ar/2021/JO_2021-10-30_1496.pdf
SAVING_PDF_FILE_CSV	fr	563	1496	2021-10-30	https://www.msgg.gov.mr/sites/default/files/2022-04/J.O.%201496%20F%20DU%2030.10.2021_0.pdf	data/fr/2021/JO_2021-10-30_1496.pdf
SAVING_PDF_FILE_CSV	ar	564	1497	2021-11-15	https://www.msgg.gov.mr/sites/default/files/2022-04/J.O.%201497A%20DU%2015.11.2021.pdf	data/ar/2021/JO_2021-11-15_1497.pdf
SAVING_PDF_FILE_CSV	fr	564	1497	2021-11-15	https://www.msgg.gov.mr/sites/default/files/2022-04/J.O.%201497F%20DU%2015.11.2021.pdf	data/fr/2021/JO_2021-11-15_1497.pdf
SAVING_PDF_FILE_CSV	ar	565	1498	2021-11-30	https://www.msgg.gov.mr/sites/default/files/2022-04/J.O.%201498A%20DU%2030.11.2021.pdf	data/ar/2021/JO_2021-11-30_1498.pdf
SAVING_PDF_FILE_CSV	fr	565	1498	2021-11-30	https://www.msgg.gov.mr/sites/default/files/2022-04/J.O.%201498F%20DU%2030.11.2021.pdf	data/fr/2021/JO_2021-11-30_1498.pdf
SAVING_PDF_FILE_CSV	ar	566	1499	2021-12-15	https://www.msgg.gov.mr/sites/default/files/2022-04/J.O.%201499A%20DU%2015.12.2021.pdf	data/ar/2021/JO_2021-12-15_1499.pdf
SAVING_PDF_FILE_CSV	fr	566	1499	2021-12-15	https://www.msgg.gov.mr/sites/default/files/2022-04/J.O.%201499F%20DU%2015.12.2021%20V%20A.pdf	data/fr/2021/JO_2021-12-15_1499.pdf
SAVING_PDF_FILE_CSV	ar	567	1500	2021-12-30	https://www.msgg.gov.mr/sites/default/files/2022-04/J.O%201500A%20du%2030.12.2021.pdf	data/ar/2021/JO_2021-12-30_1500.pdf
SAVING_PDF_FILE_CSV	fr	567	1500	2021-12-30	https://www.msgg.gov.mr/sites/default/files/2022-04/J.O.%201500F%20DU%2030.12.2021.pdf	data/fr/2021/JO_2021-12-30_1500.pdf
SAVING_PDF_FILE_CSV	ar	568	1501	2022-01-15	https://www.msgg.gov.mr/sites/default/files/2022-04/J.O.%201501A%20DU%2015.01.2022.pdf	data/ar/2022/JO_2022-01-15_1501.pdf
SAVING_PDF_FILE_CSV	fr	568	1501	2022-01-15	https://www.msgg.gov.mr/sites/default/files/2022-04/J.O.%201501F%20DU%2015.01.2022.pdf	data/fr/2022/JO_2022-01-15_1501.pdf
SAVING_PDF_FILE_CSV	ar	569	1502	2022-01-30	https://www.msgg.gov.mr/sites/default/files/2022-04/J.O.%201502A%20DU%2030.01.2022.pdf	data/ar/2022/JO_2022-01-30_1502.pdf
SAVING_PDF_FILE_CSV	fr	569	1502	2022-01-30	https://www.msgg.gov.mr/sites/default/files/2022-04/J.O.%201502F%20DU%2030.01.2022.pdf	data/fr/2022/JO_2022-01-30_1502.pdf
SAVING_PDF_FILE_CSV	ar	570	1503	2022-02-15	https://www.msgg.gov.mr/sites/default/files/2022-04/J.O.%201503A%20DU%2015.02.2022.pdf	data/ar/2022/JO_2022-02-15_1503.pdf
SAVING_PDF_FILE_CSV	fr	570	1503	2022-02-15	https://www.msgg.gov.mr/sites/default/files/2022-04/J.O.%201503F%20DU%2015.02.2022%20%281%29%20%281%29.pdf	data/fr/2022/JO_2022-02-15_1503.pdf
SAVING_PDF_FILE_CSV	ar	571	1504	2022-02-28	https://www.msgg.gov.mr/sites/default/files/2022-04/J.O.%201504A%20DU%2028.02.2022.pdf	data/ar/2022/JO_2022-02-28_1504.pdf
SAVING_PDF_FILE_CSV	fr	571	1504	2022-02-28	https://www.msgg.gov.mr/sites/default/files/2022-04/J.O.1504%20F%20DU%2028.02.2022.pdf	data/fr/2022/JO_2022-02-28_1504.pdf
SAVING_PDF_FILE_CSV	ar	572	1505	2022-03-15	https://www.msgg.gov.mr/sites/default/files/2022-04/J.O.%201505A%20DU15.03.2022.pdf	data/ar/2022/JO_2022-03-15_1505.pdf
SAVING_PDF_FILE_CSV	fr	572	1505	2022-03-15	https://www.msgg.gov.mr/sites/default/files/2022-04/J.O.%201505F%20DU%2015.03.2022%20%281%29.pdf	data/fr/2022/JO_2022-03-15_1505.pdf
SAVING_PDF_FILE_CSV	ar	573	1506	2022-03-30	https://www.msgg.gov.mr/sites/default/files/2022-04/J.O.%201506%20A%20DU%2030.03.2022.pdf	data/ar/2022/JO_2022-03-30_1506.pdf
SAVING_PDF_FILE_CSV	fr	573	1506	2022-03-30	https://www.msgg.gov.mr/sites/default/files/2022-04/J.O.%201506F%20DU%2030.03.2022.pdf	data/fr/2022/JO_2022-03-30_1506.pdf
SAVING_PDF_FILE_CSV	ar	608	1507	2022-04-15	https://www.msgg.gov.mr/sites/default/files/2022-05/J.O%201507%20A%20du%2015.04.2022.pdf	data/ar/2022/JO_2022-04-15_1507.pdf
SAVING_PDF_FILE_CSV	fr	608	1507	2022-04-15	https://www.msgg.gov.mr/sites/default/files/2022-05/J.O%201507%20F%20du%2015.04.2022%20%281%29.pdf	data/fr/2022/JO_2022-04-15_1507.pdf
SAVING_PDF_FILE_CSV	ar	609	1508	2022-04-30	https://www.msgg.gov.mr/sites/default/files/2022-05/J.O%201508%20A%20du%2030.04.2022.pdf	data/ar/2022/JO_2022-04-30_1508.pdf
SAVING_PDF_FILE_CSV	fr	609	1508	2022-04-30	https://www.msgg.gov.mr/sites/default/files/2022-05/J.O%201508%20F%20du%2030.04.2022%20%281%29.pdf	data/fr/2022/JO_2022-04-30_1508.pdf
SAVING_PDF_FILE_CSV	ar	610	1509	2022-05-15	https://www.msgg.gov.mr/sites/default/files/2022-05/J.O%201509%20A%20du%2015.05.2022.pdf	data/ar/2022/JO_2022-05-15_1509.pdf
SAVING_PDF_FILE_CSV	fr	610	1509	2022-05-15	https://www.msgg.gov.mr/sites/default/files/2022-05/J.O%201509%20F%20du%2015.05.2022%20%281%29.pdf	data/fr/2022/JO_2022-05-15_1509.pdf
SAVING_PDF_FILE_CSV	ar	613	1510	2022-05-30	https://www.msgg.gov.mr/sites/default/files/2022-06/J.O%201510%20A%20du%2030.05.2022.pdf	data/ar/2022/JO_2022-05-30_1510.pdf
SAVING_PDF_FILE_CSV	fr	613	1510	2022-05-30	https://www.msgg.gov.mr/sites/default/files/2022-06/J.O%201510%20F%20du%2030.05.2022%20%281%29.pdf	data/fr/2022/JO_2022-05-30_1510.pdf
SAVING_PDF_FILE_CSV	ar	634	1511	2022-06-15	https://www.msgg.gov.mr/sites/default/files/2022-07/J.O.%201511A%20DU%2015.06.2022%20loi.pdf	data/ar/2022/JO_2022-06-15_1511.pdf
SAVING_PDF_FILE_CSV	fr	634	1511	2022-06-15	https://www.msgg.gov.mr/sites/default/files/2022-07/J.O.%201511F%20DU%2015.06.2022%20loi.pdf	data/fr/2022/JO_2022-06-15_1511.pdf
SAVING_PDF_FILE_CSV	ar	662	1511	2022-06-15	https://www.msgg.gov.mr/sites/default/files/2022-07/J.O.%201511%20BIS%20A%20DU%2015.06.2022.pdf	data/ar/2022/JO_2022-06-15_1511.pdf
SAVING_PDF_FILE_CSV	fr	662	1511	2022-06-15	https://www.msgg.gov.mr/sites/default/files/2022-07/J.O.%201511%20BIS%20F%20DU%2015.06.2022.pdf	data/fr/2022/JO_2022-06-15_1511.pdf
SAVING_PDF_FILE_CSV	ar	663	1512	2022-06-30	https://www.msgg.gov.mr/sites/default/files/2022-07/J.O.%201512A%20DU%2030.06.2022.pdf	data/ar/2022/JO_2022-06-30_1512.pdf
SAVING_PDF_FILE_CSV	fr	663	1512	2022-06-30	https://www.msgg.gov.mr/sites/default/files/2022-07/J.O.%201512F%20DU%2030.06.2022.pdf	data/fr/2022/JO_2022-06-30_1512.pdf
SAVING_PDF_FILE_CSV	ar	664	1513	2022-07-15	https://www.msgg.gov.mr/sites/default/files/2022-07/J.O.%201513A%20DU%2015.07.2022.pdf	data/ar/2022/JO_2022-07-15_1513.pdf
SAVING_PDF_FILE_CSV	fr	664	1513	2022-07-15	https://www.msgg.gov.mr/sites/default/files/2022-07/J.O.%201513F%20DU%2015.07.2022%281%29.pdf	data/fr/2022/JO_2022-07-15_1513.pdf
SAVING_PDF_FILE_CSV	ar	673	1514	2022-07-30	https://www.msgg.gov.mr/sites/default/files/2022-08/J.O.%201514A%20DU%2030.07.2022.pdf	data/ar/2022/JO_2022-07-30_1514.pdf
SAVING_PDF_FILE_CSV	fr	673	1514	2022-07-30	https://www.msgg.gov.mr/sites/default/files/2022-08/J.O.%201514F%20DU%2030.07.2022.pdf	data/fr/2022/JO_2022-07-30_1514.pdf
SAVING_PDF_FILE_CSV	ar	685	1515	2022-08-15	https://www.msgg.gov.mr/sites/default/files/2022-09/J.O.%201515A%20DU%2015.08.2022.pdf	data/ar/2022/JO_2022-08-15_1515.pdf
SAVING_PDF_FILE_CSV	fr	685	1515	2022-08-15	https://www.msgg.gov.mr/sites/default/files/2022-09/J.O.%201515F%20DU%2015.08.2022.pdf	data/fr/2022/JO_2022-08-15_1515.pdf
SAVING_PDF_FILE_CSV	ar	691	1516	2022-08-30	https://www.msgg.gov.mr/sites/default/files/2022-09/J.O.%201516A%20DU%2030.08.2022.pdf	data/ar/2022/JO_2022-08-30_1516.pdf
SAVING_PDF_FILE_CSV	fr	691	1516	2022-08-30	https://www.msgg.gov.mr/sites/default/files/2022-09/J.O.%201516F%20DU%2030.08.2022.pdf	data/fr/2022/JO_2022-08-30_1516.pdf
SAVING_PDF_FILE_CSV	ar	714	1517	2022-09-15	https://www.msgg.gov.mr/sites/default/files/2022-09/J.O.%201517A%20DU%2015.09.2022.pdf	data/ar/2022/JO_2022-09-15_1517.pdf
SAVING_PDF_FILE_CSV	fr	714	1517	2022-09-15	https://www.msgg.gov.mr/sites/default/files/2022-09/J.O.%201517F%20DU%2015.09.2022.pdf	data/fr/2022/JO_2022-09-15_1517.pdf
SAVING_PDF_FILE_CSV	ar	721	1518	2022-09-30	https://www.msgg.gov.mr/sites/default/files/2022-10/J.O.%201518A%20DU%2030.09.2022.pdf	data/ar/2022/JO_2022-09-30_1518.pdf
SAVING_PDF_FILE_CSV	fr	721	1518	2022-09-30	https://www.msgg.gov.mr/sites/default/files/2022-10/J.O.%201518F%20DU%2030.09.2022.pdf	data/fr/2022/JO_2022-09-30_1518.pdf
SAVING_PDF_FILE_CSV	ar	745	1519	2022-10-15	https://www.msgg.gov.mr/sites/default/files/2022-10/J.O.%201519%20A%20DU%2015.10.2022.pdf	data/ar/2022/JO_2022-10-15_1519.pdf
SAVING_PDF_FILE_CSV	fr	745	1519	2022-10-15	https://www.msgg.gov.mr/sites/default/files/2022-10/J.O.%201519F%20DU%2015.10.2022%20DV.pdf	data/fr/2022/JO_2022-10-15_1519.pdf
SAVING_PDF_FILE_CSV	ar	754	1520	2022-10-30	https://www.msgg.gov.mr/sites/default/files/2022-11/J.O.%201520A%20DU%2030.10.2022.pdf	data/ar/2022/JO_2022-10-30_1520.pdf
SAVING_PDF_FILE_CSV	fr	754	1520	2022-10-30	https://www.msgg.gov.mr/sites/default/files/2022-11/J.O.%201520F%20DU%2030.10.2022%20%281%29%20%281%29.pdf	data/fr/2022/JO_2022-10-30_1520.pdf
SAVING_PDF_FILE_CSV	ar	770	1521	2022-11-15	https://www.msgg.gov.mr/sites/default/files/2022-11/J.O.%201521A%20DU%2015.11.2022.pdf	data/ar/2022/JO_2022-11-15_1521.pdf
SAVING_PDF_FILE_CSV	fr	770	1521	2022-11-15	https://www.msgg.gov.mr/sites/default/files/2022-11/J.O.%201521F%20DU%2015.11.2022%20%281%29.pdf	data/fr/2022/JO_2022-11-15_1521.pdf
SAVING_PDF_FILE_CSV	ar	782	1522	2022-11-30	https://www.msgg.gov.mr/sites/default/files/2022-12/J.O.%201522A%20DU%2030.11.2022.pdf	data/ar/2022/JO_2022-11-30_1522.pdf
SAVING_PDF_FILE_CSV	fr	782	1522	2022-11-30	https://www.msgg.gov.mr/sites/default/files/2022-12/J.O.%201522F%20DU%2030.11.2022.pdf	data/fr/2022/JO_2022-11-30_1522.pdf
SAVING_PDF_FILE_CSV	ar	785	1523	2022-12-15	https://www.msgg.gov.mr/sites/default/files/2022-12/J.O.%201523A%20DU%2015.12.2022.pdf	data/ar/2022/JO_2022-12-15_1523.pdf
SAVING_PDF_FILE_CSV	fr	785	1523	2022-12-15	https://www.msgg.gov.mr/sites/default/files/2022-12/J.O.%201523F%20DU%2015.12.2022%20%281%29.pdf	data/fr/2022/JO_2022-12-15_1523.pdf
SAVING_PDF_FILE_CSV	ar	815	1524	2022-12-30	https://www.msgg.gov.mr/sites/default/files/2023-01/J.O.%201524A%20DU%2030.12.2022.pdf	data/ar/2022/JO_2022-12-30_1524.pdf
SAVING_PDF_FILE_CSV	fr	815	1524	2022-12-30	https://www.msgg.gov.mr/sites/default/files/2023-01/J.O.%201524F%20DU%2030.12.2022.pdf	data/fr/2022/JO_2022-12-30_1524.pdf
SAVING_PDF_FILE_CSV	ar	816	1525	2023-01-15	https://www.msgg.gov.mr/sites/default/files/2023-01/J.O.%201525A%20DU%2015.01.2023.pdf	data/ar/2023/JO_2023-01-15_1525.pdf
SAVING_PDF_FILE_CSV	fr	816	1525	2023-01-15	https://www.msgg.gov.mr/sites/default/files/2023-01/J.O.1525F%20DU%2015.01.2023.pdf	data/fr/2023/JO_2023-01-15_1525.pdf
SAVING_PDF_FILE_CSV	ar	848	1526	2023-01-30	https://www.msgg.gov.mr/sites/default/files/2023-02/J.O.%201526A%20DU%2030.01.2023.pdf	data/ar/2023/JO_2023-01-30_1526.pdf
SAVING_PDF_FILE_CSV	fr	848	1526	2023-01-30	https://www.msgg.gov.mr/sites/default/files/2023-02/J.O.%201526F%20DU%2030.01.2023.pdf	data/fr/2023/JO_2023-01-30_1526.pdf
SAVING_PDF_FILE_CSV	ar	854	1527	2023-02-15	https://www.msgg.gov.mr/sites/default/files/2023-02/J.O.%201527A%20DU%2015.02.2023%20fin.pdf	data/ar/2023/JO_2023-02-15_1527.pdf
SAVING_PDF_FILE_CSV	fr	854	1527	2023-02-15	https://www.msgg.gov.mr/sites/default/files/2023-02/J.O.%201527F%20DU%2015.02.2023.pdf	data/fr/2023/JO_2023-02-15_1527.pdf
SAVING_PDF_FILE_CSV	ar	873	1528	2023-02-28	https://www.msgg.gov.mr/sites/default/files/2023-03/J.O.-1528A-DU-28.02.2023.pdf	data/ar/2023/JO_2023-02-28_1528.pdf
SAVING_PDF_FILE_CSV	fr	873	1528	2023-02-28	https://www.msgg.gov.mr/sites/default/files/2023-03/J.O.-1528F-DU-28.02.2023.pdf	data/fr/2023/JO_2023-02-28_1528.pdf
SAVING_PDF_FILE_CSV	ar	874	1529	2023-03-15	https://www.msgg.gov.mr/sites/default/files/2023-03/J.O.-1529A-DU-15.03.2023.pdf	data/ar/2023/JO_2023-03-15_1529.pdf
SAVING_PDF_FILE_CSV	fr	874	1529	2023-03-15	https://www.msgg.gov.mr/sites/default/files/2023-03/J.O.-1529F-DU-15.03.2023.pdf	data/fr/2023/JO_2023-03-15_1529.pdf
SAVING_PDF_FILE_CSV	ar	886	1530	2023-03-30	https://www.msgg.gov.mr/sites/default/files/2023-04/J.O.%201530A%20DU%2030.03.2023.pdf	data/ar/2023/JO_2023-03-30_1530.pdf
SAVING_PDF_FILE_CSV	fr	886	1530	2023-03-30	https://www.msgg.gov.mr/sites/default/files/2023-04/J.O.1530F%20DU%2030.03.2023%20%281%29.pdf	data/fr/2023/JO_2023-03-30_1530.pdf
SAVING_PDF_FILE_CSV	ar	907	1532	2023-04-30	https://www.msgg.gov.mr/sites/default/files/2023-05/J.O%201532A%20du%2030.04.2023.pdf	data/ar/2023/JO_2023-04-30_1532.pdf
SAVING_PDF_FILE_CSV	fr	907	1532	2023-04-30	https://www.msgg.gov.mr/sites/default/files/2023-05/J.O%201532F%20du%2030.04.2023%20%281%29.pdf	data/fr/2023/JO_2023-04-30_1532.pdf
SAVING_PDF_FILE_CSV	ar	909	1532	2023-04-30	https://www.msgg.gov.mr/sites/default/files/2023-05/J.O%201532%20A%20bis%20du%2030.04.2023.pdf	data/ar/2023/JO_2023-04-30_1532.pdf
SAVING_PDF_FILE_CSV	fr	909	1532	2023-04-30	https://www.msgg.gov.mr/sites/default/files/2023-05/J.O%201532%20F%20bis%20du%2030.04.2023.pdf	data/fr/2023/JO_2023-04-30_1532.pdf
SAVING_PDF_FILE_CSV	ar	910	1531	2023-04-15	https://www.msgg.gov.mr/sites/default/files/2023-06/J.O%201531A%20du%2015.04.2023.pdf	data/ar/2023/JO_2023-04-15_1531.pdf
SAVING_PDF_FILE_CSV	fr	910	1531	2023-04-15	https://www.msgg.gov.mr/sites/default/files/2023-06/J.O%201531F%20du%2015.04.2023%20%281%29%20%281%29.pdf	data/fr/2023/JO_2023-04-15_1531.pdf
SAVING_PDF_FILE_CSV	ar	922	1533	2023-05-15	https://www.msgg.gov.mr/sites/default/files/2023-07/J.O.%201533A%20DU%2015.05.2023_0.pdf	data/ar/2023/JO_2023-05-15_1533.pdf
SAVING_PDF_FILE_CSV	fr	922	1533	2023-05-15	https://www.msgg.gov.mr/sites/default/files/2023-07/J.O.%201533F%20DU%2015.05.2023.pdf	data/fr/2023/JO_2023-05-15_1533.pdf
SAVING_PDF_FILE_CSV	ar	923	1534	2023-05-30	https://www.msgg.gov.mr/sites/default/files/2023-07/J.O.%201534A%20DU%2030.05.2023.pdf	data/ar/2023/JO_2023-05-30_1534.pdf
SAVING_PDF_FILE_CSV	fr	923	1534	2023-05-30	https://www.msgg.gov.mr/sites/default/files/2023-07/J.O.%201534F%20DU%2030.05.2023.pdf	data/fr/2023/JO_2023-05-30_1534.pdf
SAVING_PDF_FILE_CSV	ar	924	1535	2023-06-15	https://www.msgg.gov.mr/sites/default/files/2023-07/J.O%201535%20A%20du%2015.06.2023.pdf	data/ar/2023/JO_2023-06-15_1535.pdf
SAVING_PDF_FILE_CSV	fr	924	1535	2023-06-15	https://www.msgg.gov.mr/sites/default/files/2023-07/J.O%201535%20F%20du%2015.06.2023.pdf	data/fr/2023/JO_2023-06-15_1535.pdf
SAVING_PDF_FILE_CSV	ar	929	1536	2023-06-30	https://www.msgg.gov.mr/sites/default/files/2023-07/J.O.%201536A%20DU%2030.06.2023.pdf	data/ar/2023/JO_2023-06-30_1536.pdf
SAVING_PDF_FILE_CSV	fr	929	1536	2023-06-30	https://www.msgg.gov.mr/sites/default/files/2023-07/J.O.%201536F%20DU%2030.06.2023_0.pdf	data/fr/2023/JO_2023-06-30_1536.pdf
SAVING_PDF_FILE_CSV	ar	930	1537	2023-07-15	https://www.msgg.gov.mr/sites/default/files/2023-07/J.O.%201537A%20DU%2015.07.2023.pdf	data/ar/2023/JO_2023-07-15_1537.pdf
SAVING_PDF_FILE_CSV	fr	930	1537	2023-07-15	https://www.msgg.gov.mr/sites/default/files/2023-07/J.O.%201537F%20DU%2015.07.2023%20%281%29.pdf	data/fr/2023/JO_2023-07-15_1537.pdf
SAVING_PDF_FILE_CSV	ar	931	1538	2023-07-30	https://www.msgg.gov.mr/sites/default/files/2023-07/J.O.%201538A%20DU%2030.07.2023.pdf	data/ar/2023/JO_2023-07-30_1538.pdf
SAVING_PDF_FILE_CSV	fr	931	1538	2023-07-30	https://www.msgg.gov.mr/sites/default/files/2023-07/J.O.%201538F%20DU%2030.07.2023%20%282%29.pdf	data/fr/2023/JO_2023-07-30_1538.pdf
SAVING_PDF_FILE_CSV	ar	938	1539	2023-08-15	https://www.msgg.gov.mr/sites/default/files/2023-08/J.O.%201539A%20DU%2015.08.2023.pdf	data/ar/2023/JO_2023-08-15_1539.pdf
SAVING_PDF_FILE_CSV	fr	938	1539	2023-08-15	https://www.msgg.gov.mr/sites/default/files/2023-08/J.O.%201539F%20DU%2015.08.2023.pdf	data/fr/2023/JO_2023-08-15_1539.pdf
SAVING_PDF_FILE_CSV	ar	939	1540	2023-08-30	https://www.msgg.gov.mr/sites/default/files/2023-09/J.O.%201540A%20DU%2030.08.2023.pdf	data/ar/2023/JO_2023-08-30_1540.pdf
SAVING_PDF_FILE_CSV	fr	939	1540	2023-08-30	https://www.msgg.gov.mr/sites/default/files/2023-09/J.O.%201540F%20DU%2030.08.2023%20%281%29.pdf	data/fr/2023/JO_2023-08-30_1540.pdf
SAVING_PDF_FILE_CSV	ar	945	1541	2023-09-15	https://www.msgg.gov.mr/sites/default/files/2023-09/J.O.%201541A%20DU%20315.09.2023.pdf	data/ar/2023/JO_2023-09-15_1541.pdf
SAVING_PDF_FILE_CSV	fr	945	1541	2023-09-15	https://www.msgg.gov.mr/sites/default/files/2023-09/J.O.%201541F%20DU%2015.09.2023%20%281%29.pdf	data/fr/2023/JO_2023-09-15_1541.pdf
SAVING_PDF_FILE_CSV	ar	949	1542	2023-09-30	https://www.msgg.gov.mr/sites/default/files/2023-10/J.O%201542%20A%20du%2030.09.2023_0.pdf	data/ar/2023/JO_2023-09-30_1542.pdf
SAVING_PDF_FILE_CSV	fr	949	1542	2023-09-30	https://www.msgg.gov.mr/sites/default/files/2023-10/J.O%201542%20F%20du%2030.09.2023.pdf	data/fr/2023/JO_2023-09-30_1542.pdf
SAVING_PDF_FILE_CSV	ar	958	1543	2023-10-15	https://www.msgg.gov.mr/sites/default/files/2023-10/J.O.%201543A%20DU%2015.10.2023.pdf	data/ar/2023/JO_2023-10-15_1543.pdf
SAVING_PDF_FILE_CSV	fr	958	1543	2023-10-15	https://www.msgg.gov.mr/sites/default/files/2023-10/J.O.%201543F%20DU%2015.10.2023%20%281%29.pdf	data/fr/2023/JO_2023-10-15_1543.pdf
SAVING_PDF_FILE_CSV	ar	960	1544	2023-10-30	https://www.msgg.gov.mr/sites/default/files/2023-11/J.O.%201544A%20DU%2030.10.2023.pdf	data/ar/2023/JO_2023-10-30_1544.pdf
SAVING_PDF_FILE_CSV	fr	960	1544	2023-10-30	https://www.msgg.gov.mr/sites/default/files/2023-11/J.O.%201544F%20DU%2030.10.pdf	data/fr/2023/JO_2023-10-30_1544.pdf
SAVING_PDF_FILE_CSV	ar	961	1545	2023-11-15	https://www.msgg.gov.mr/sites/default/files/2023-11/J.O.-1545A-DU-15.11.2023.pdf	data/ar/2023/JO_2023-11-15_1545.pdf
SAVING_PDF_FILE_CSV	fr	961	1545	2023-11-15	https://www.msgg.gov.mr/sites/default/files/2023-11/J.O.-1545F-DU-15.11.2023-1.pdf	data/fr/2023/JO_2023-11-15_1545.pdf
SAVING_PDF_FILE_CSV	ar	969	1546	2023-11-30	https://www.msgg.gov.mr/sites/default/files/2024-01/J.O.%201546A%20DU%2030.11.2023-1.pdf	data/ar/2023/JO_2023-11-30_1546.pdf
SAVING_PDF_FILE_CSV	fr	969	1546	2023-11-30	https://www.msgg.gov.mr/sites/default/files/2024-01/J.O.%201546F%20DU%2030.11.2023%20%281%29-1.pdf	data/fr/2023/JO_2023-11-30_1546.pdf
SAVING_PDF_FILE_CSV	ar	970	1547	2023-12-15	https://www.msgg.gov.mr/sites/default/files/2024-01/J.O.%201547A%20DU%2015.12.2023.pdf	data/ar/2023/JO_2023-12-15_1547.pdf
SAVING_PDF_FILE_CSV	fr	970	1547	2023-12-15	https://www.msgg.gov.mr/sites/default/files/2024-01/J.O.%201547FDU%2015.12.2023%20%281%29.pdf	data/fr/2023/JO_2023-12-15_1547.pdf
SAVING_PDF_FILE_CSV	ar	971	1548	2023-12-30	https://www.msgg.gov.mr/sites/default/files/2024-01/J.O%201548A%20du%2030.12.2023%20cor.pdf	data/ar/2023/JO_2023-12-30_1548.pdf
SAVING_PDF_FILE_CSV	fr	971	1548	2023-12-30	https://www.msgg.gov.mr/sites/default/files/2024-01/JO%20%201548%20FR_1.pdf	data/fr/2023/JO_2023-12-30_1548.pdf
SAVING_PDF_FILE_CSV	ar	974	1539	2023-11-15	https://www.msgg.gov.mr/sites/default/files/2024-01/J.O.%201539A%20DU%2015.11.2023%20LFR_0.pdf	data/ar/2023/JO_2023-11-15_1539.pdf
SAVING_PDF_FILE_CSV	fr	974	1539	2023-11-15	https://www.msgg.gov.mr/sites/default/files/2024-01/J.O.%201539F%20DU%2015.11.2023%20LFR.pdf	data/fr/2023/JO_2023-11-15_1539.pdf
SAVING_PDF_FILE_CSV	ar	975	1525	2023-11-15	https://www.msgg.gov.mr/sites/default/files/2024-01/J.O.%201525A%20DU%2015.11.2023%20LFI_0.pdf	data/ar/2023/JO_2023-11-15_1525.pdf
SAVING_PDF_FILE_CSV	fr	975	1525	2023-11-15	https://www.msgg.gov.mr/sites/default/files/2024-01/J.O.%201525F%20DU%2015.11.pdf	data/fr/2023/JO_2023-11-15_1525.pdf
SAVING_PDF_FILE_CSV	ar	976	1549	2024-01-15	https://www.msgg.gov.mr/sites/default/files/2024-01/J.O%201549%20A%20du%2015.01.2024%20%281%29.pdf	data/ar/2024/JO_2024-01-15_1549.pdf
SAVING_PDF_FILE_CSV	fr	976	1549	2024-01-15	https://www.msgg.gov.mr/sites/default/files/2024-01/J.O%201549%20F%20du%2015.01.2024.pdf	data/fr/2024/JO_2024-01-15_1549.pdf
SAVING_PDF_FILE_CSV	ar	978	1550	2024-01-30	https://www.msgg.gov.mr/sites/default/files/2024-02/J.O.-1550A-DU-30.01.2024.pdf	data/ar/2024/JO_2024-01-30_1550.pdf
SAVING_PDF_FILE_CSV	fr	978	1550	2024-01-30	https://www.msgg.gov.mr/sites/default/files/2024-02/JO-1550.pdf	data/fr/2024/JO_2024-01-30_1550.pdf
SAVING_PDF_FILE_CSV	ar	979	1551	2024-02-15	https://www.msgg.gov.mr/sites/default/files/2024-02/J.O.1551A-DU-15.02.2024-1.pdf	data/ar/2024/JO_2024-02-15_1551.pdf
SAVING_PDF_FILE_CSV	fr	979	1551	2024-02-15	https://www.msgg.gov.mr/sites/default/files/2024-02/J.O.-1551F-DU-15.02.2024.pdf	data/fr/2024/JO_2024-02-15_1551.pdf
SAVING_PDF_FILE_CSV	ar	980	1552	2024-02-29	https://www.msgg.gov.mr/sites/default/files/2024-03/J.O.-1552A-DU-29.02.2024-1.pdf	data/ar/2024/JO_2024-02-29_1552.pdf
SAVING_PDF_FILE_CSV	fr	980	1552	2024-02-29	https://www.msgg.gov.mr/sites/default/files/2024-03/J.O.-1552F-DU-29.02.2024-co.pdf	data/fr/2024/JO_2024-02-29_1552.pdf
SAVING_PDF_FILE_CSV	ar	981	1553	2024-03-15	https://www.msgg.gov.mr/sites/default/files/2024-03/J.O.-1553A-DU-15.03.2024.pdf	data/ar/2024/JO_2024-03-15_1553.pdf
SAVING_PDF_FILE_CSV	fr	981	1553	2024-03-15	https://www.msgg.gov.mr/sites/default/files/2024-03/J.O.-1553F-DU-15.03.2024-1%20%281%29.pdf	data/fr/2024/JO_2024-03-15_1553.pdf
SAVING_PDF_FILE_CSV	ar	982	1554	2024-03-30	https://www.msgg.gov.mr/sites/default/files/2024-04/J.O%201554%20A%20du%2030.03.2024.pdf	data/ar/2024/JO_2024-03-30_1554.pdf
SAVING_PDF_FILE_CSV	fr	982	1554	2024-03-30	https://www.msgg.gov.mr/sites/default/files/2024-04/J.O%201554%20F%20du%2030..03.2024%20%281%29.pdf	data/fr/2024/JO_2024-03-30_1554.pdf
SAVING_PDF_FILE_CSV	ar	983	1555	2024-04-15	https://www.msgg.gov.mr/sites/default/files/2024-04/J.O%201555%20A%20du%2015.04.2024.pdf	data/ar/2024/JO_2024-04-15_1555.pdf
SAVING_PDF_FILE_CSV	fr	983	1555	2024-04-15	https://www.msgg.gov.mr/sites/default/files/2024-04/J.O%201555%20F.pdf	data/fr/2024/JO_2024-04-15_1555.pdf
SAVING_PDF_FILE_CSV	ar	984	1556	2024-04-30	https://www.msgg.gov.mr/sites/default/files/2024-05/J.O.%201556A%20DU%2030.04.2024%20%283%29.pdf	data/ar/2024/JO_2024-04-30_1556.pdf
SAVING_PDF_FILE_CSV	fr	984	1556	2024-04-30	https://www.msgg.gov.mr/sites/default/files/2024-05/J.O.%201556F%20DU%2030.04.2024%20%281%29.pdf	data/fr/2024/JO_2024-04-30_1556.pdf
SAVING_PDF_FILE_CSV	ar	987	1557	2024-05-15	https://www.msgg.gov.mr/sites/default/files/2024-05/J.O.-1557A-DU-15.05.2024.pdf	data/ar/2024/JO_2024-05-15_1557.pdf
SAVING_PDF_FILE_CSV	fr	987	1557	2024-05-15	https://www.msgg.gov.mr/sites/default/files/2024-05/J.O.-1557F-DU-15.05.2024.pdf	data/fr/2024/JO_2024-05-15_1557.pdf
SAVING_PDF_FILE_CSV	ar	988	1558	2024-05-30	https://www.msgg.gov.mr/sites/default/files/2024-06/J.O.%201558A%20DU%2030.05.2024.pdf	data/ar/2024/JO_2024-05-30_1558.pdf
SAVING_PDF_FILE_CSV	fr	988	1558	2024-05-30	https://www.msgg.gov.mr/sites/default/files/2024-06/J.O.%201558%20F%20DU%2030.05.2024.pdf	data/fr/2024/JO_2024-05-30_1558.pdf
SAVING_PDF_FILE_CSV	ar	989	1559	2024-06-15	https://www.msgg.gov.mr/sites/default/files/2024-06/J.O.%201559FDU%2015.06..2024%20%281%29.pdf	data/ar/2024/JO_2024-06-15_1559.pdf
SAVING_PDF_FILE_CSV	fr	989	1559	2024-06-15	https://www.msgg.gov.mr/sites/default/files/2024-06/J.O.%201559FDU%2015.06..2024%20%281%29.pdf	data/fr/2024/JO_2024-06-15_1559.pdf
SAVING_PDF_FILE_CSV	ar	990	1559	2024-06-15	https://www.msgg.gov.mr/sites/default/files/2024-06/J.O.%201559A%20DU%2015.06.2024%20c.pdf	data/ar/2024/JO_2024-06-15_1559.pdf
SAVING_PDF_FILE_CSV	fr	990	1559	2024-06-15	https://www.msgg.gov.mr/sites/default/files/2024-06/J.O.%201559A%20DU%2015.06.2024%20c.pdf	data/fr/2024/JO_2024-06-15_1559.pdf
SAVING_PDF_FILE_CSV	ar	991	1560	2024-06-30	https://www.msgg.gov.mr/sites/default/files/2024-07/J.O.%201560A%20DU%2030.06.2024.pdf	data/ar/2024/JO_2024-06-30_1560.pdf
SAVING_PDF_FILE_CSV	fr	991	1560	2024-06-30	https://www.msgg.gov.mr/sites/default/files/2024-07/J.O.%201560F%20DU%2030.06.2024.pdf	data/fr/2024/JO_2024-06-30_1560.pdf
SAVING_PDF_FILE_CSV	ar	992	1561	2024-07-15	https://www.msgg.gov.mr/sites/default/files/2024-07/J.O.%201561A%20DU%2015.07.2024.pdf	data/ar/2024/JO_2024-07-15_1561.pdf
SAVING_PDF_FILE_CSV	fr	992	1561	2024-07-15	https://www.msgg.gov.mr/sites/default/files/2024-07/J.O.%201561A%20DU%2015.07.2024_0.pdf	data/fr/2024/JO_2024-07-15_1561.pdf
SAVING_PDF_FILE_CSV	ar	993	1562	2024-07-30	https://www.msgg.gov.mr/sites/default/files/2024-08/J.O.-1562A-DU-30.07.2024.pdf	data/ar/2024/JO_2024-07-30_1562.pdf
SAVING_PDF_FILE_CSV	fr	993	1562	2024-07-30	https://www.msgg.gov.mr/sites/default/files/2024-08/J.O.-1562F-DU-30.07.2024-1.pdf	data/fr/2024/JO_2024-07-30_1562.pdf
SAVING_PDF_FILE_CSV	ar	995	1563	2024-08-15	https://www.msgg.gov.mr/sites/default/files/2024-08/J.O.-1563A-DU-15.08.2024.pdf	data/ar/2024/JO_2024-08-15_1563.pdf
SAVING_PDF_FILE_CSV	fr	995	1563	2024-08-15	https://www.msgg.gov.mr/sites/default/files/2024-08/J.O.-1563F-DU-15.08.2024.pdf	data/fr/2024/JO_2024-08-15_1563.pdf
SAVING_PDF_FILE_CSV	ar	997	1564	2024-08-30	https://www.msgg.gov.mr/sites/default/files/2024-09/J.O.%201564A%20DU%2030.08.2024.pdf	data/ar/2024/JO_2024-08-30_1564.pdf
SAVING_PDF_FILE_CSV	fr	997	1564	2024-08-30	https://www.msgg.gov.mr/sites/default/files/2024-09/J.O.%201564F%20DU%2030.08.2024%20%282%29.pdf	data/fr/2024/JO_2024-08-30_1564.pdf
SAVING_PDF_FILE_CSV	ar	998	1565	2024-09-15	https://www.msgg.gov.mr/sites/default/files/2024-09/J.O.%201565A%20%20DU%2015.09.2024.pdf	data/ar/2024/JO_2024-09-15_1565.pdf
SAVING_PDF_FILE_CSV	fr	998	1565	2024-09-15	https://www.msgg.gov.mr/sites/default/files/2024-09/J.O.%201565A%20%20DU%2015.09.2024.pdf	data/fr/2024/JO_2024-09-15_1565.pdf
SAVING_PDF_FILE_CSV	ar	999	1566	2024-09-30	https://www.msgg.gov.mr/sites/default/files/2024-10/J.O.%201566A%20DU%2030.09.2024.pdf	data/ar/2024/JO_2024-09-30_1566.pdf
SAVING_PDF_FILE_CSV	fr	999	1566	2024-09-30	https://www.msgg.gov.mr/sites/default/files/2024-10/J.O.%201566F%20DU%2030.09.2024%20V.F.pdf	data/fr/2024/JO_2024-09-30_1566.pdf
SAVING_PDF_FILE_CSV	ar	1000	1567	2024-10-15	https://www.msgg.gov.mr/sites/default/files/2024-10/J.O%201567%20A%20du%2015.10.2024%20%288%29.pdf	data/ar/2024/JO_2024-10-15_1567.pdf
SAVING_PDF_FILE_CSV	fr	1000	1567	2024-10-15	https://www.msgg.gov.mr/sites/default/files/2024-10/J.O%201567%20F%20du%2015.10.2024%20%281%29.pdf	data/fr/2024/JO_2024-10-15_1567.pdf
